-- phpMyAdmin SQL Dump
-- version 2.11.9.2
-- http://www.phpmyadmin.net
--
-- Host: localhost
-- Generation Time: Jul 13, 2009 at 05:37 PM
-- Server version: 5.0.67
-- PHP Version: 5.2.6

--
-- Database: `n4_peepagg_v2`
--

-- --------------------------------------------------------

--
-- Table structure for table `activity_log`
--
-- Creation: Jul 13, 2009 at 05:30 PM
-- Last update: Jul 13, 2009 at 05:30 PM
--

CREATE TABLE IF NOT EXISTS `activity_log` (
`id` int(11) NOT NULL auto_increment,
`type` varchar(255) NOT NULL,
`subject` varchar(255) NOT NULL,
`object` varchar(255) NOT NULL,
`extra` text,
`time` int(11) NOT NULL,
`status` varchar(10) NOT NULL,
PRIMARY KEY  (`id`),
KEY `chrono_user_activity` (`subject`,`time`)
) TYPE=MyISAM AUTO_INCREMENT=1 ;

--
-- Dumping data for table `activity_log`
--


-- --------------------------------------------------------

--
-- Table structure for table `activity_types`
--
-- Creation: Jul 13, 2009 at 05:30 PM
-- Last update: Jul 13, 2009 at 05:30 PM
--

CREATE TABLE IF NOT EXISTS `activity_types` (
`id` int(11) NOT NULL auto_increment,
`title` varchar(50) NOT NULL,
`type` varchar(50) NOT NULL,
`description` text NOT NULL,
`points` int(11) NOT NULL,
PRIMARY KEY  (`id`)
) TYPE=MyISAM  AUTO_INCREMENT=20 ;

--
-- Dumping data for table `activity_types`
--

INSERT INTO `activity_types` (`id`, `title`, `type`, `description`, `points`) VALUES
(1, 'User image upload', 'user_image_upload', 'Points will be give to user who has uploaded an image. ', 1),
(2, 'User video upload', 'user_video_upload', 'Points will be give to user who has uploaded a video. ', 1),
(3, 'User audio upload', 'user_audio_upload', 'Points will be give to user who has uploaded an audio. ', 1),
(4, 'User post a blog', 'user_post_a_blog', 'Points will be give to user who has posted a blog. ', 1),
(5, 'User post a comment', 'user_post_a_comment', 'Points will be give to user who has posted a comment. ', 1),
(6, 'User friend requested', 'user_friend_requested', 'Points will be give to user who has friend requested. ', 1),
(7, 'User friend added', 'user_friend_added', 'Points will be give to user who has friend added. ', 1),
(8, 'User friend send a message', 'user_friend_send_a_message', 'Points will be give to user who has received a friend message. ', 1),
(9, 'Group created', 'group_created', 'Points will be give to user who has a group created. ', 1),
(10, 'Group joined', 'group_joined', 'Points will be give to user who has joined to a group. ', 1),
(11, 'Group image upload', 'group_image_upload', 'Points will be give to user who has a group image uploaded. ', 1),
(12, 'Group video upload', 'group_video_upload', 'Points will be give to user who has a group video uploaded. ', 1),
(13, 'Group audio upload', 'group_audio_upload', 'Points will be give to user who has a group audio uploaded. ', 1),
(14, 'Group post a blog', 'group_post_a_blog', 'Points will be give to user who has posted a group blog. ', 1),
(15, 'Network joined', 'network_joined', 'Points will be give to user who has joined to a network. ', 1),
(16, 'Network created', 'network_created', 'Points will be give to user who has created a network. ', 1),
(17, 'Content modified', 'content_modified', 'This activity should not be ranked. It is used for activities log only.', 0),
(18, 'Network settings updated', 'network_settings_updated', 'This activity should not be ranked. It is used for activities log only.', 0),
(19, 'Group settings updated', 'group_settings_updated', 'This activity should not be ranked. It is used for activities log only.', 0);

-- --------------------------------------------------------

--
-- Table structure for table `advertisements`
--
-- Creation: Jul 13, 2009 at 05:30 PM
-- Last update: Jul 13, 2009 at 05:30 PM
--

CREATE TABLE IF NOT EXISTS `advertisements` (
`ad_id` int(11) NOT NULL auto_increment,
`user_id` int(11) NOT NULL,
`ad_image` varchar(255) default NULL,
`url` varchar(255) default NULL,
`ad_script` text,
`title` varchar(255) default NULL,
`description` text,
`page_id` int(11) default NULL,
`orientation` varchar(255) default NULL,
`is_active` tinyint(1) default NULL,
`created` int(11) default NULL,
`changed` int(11) default NULL,
`display_count` int(11) default '0',
`hit_count` int(11) default '0',
`type` enum('ad','textpad') NOT NULL default 'ad',
`group_id` int(11) default NULL,
PRIMARY KEY  (`ad_id`)
) TYPE=MyISAM AUTO_INCREMENT=1 ;

--
-- Dumping data for table `advertisements`
--


-- --------------------------------------------------------

--
-- Table structure for table `audios`
--
-- Creation: Jul 13, 2009 at 05:30 PM
-- Last update: Jul 13, 2009 at 05:30 PM
--

CREATE TABLE IF NOT EXISTS `audios` (
`content_id` int(11) NOT NULL default '0',
`audio_file` varchar(255) NOT NULL default '',
`audio_perm` int(2) NOT NULL default '0',
PRIMARY KEY  (`content_id`)
) TYPE=MyISAM;

--
-- Dumping data for table `audios`
--


-- --------------------------------------------------------

--
-- Table structure for table `blog_badges`
--
-- Creation: Jul 13, 2009 at 05:30 PM
-- Last update: Jul 13, 2009 at 05:30 PM
--

CREATE TABLE IF NOT EXISTS `blog_badges` (
`user_id` int(11) NOT NULL,
`badge_tag` varchar(32) NOT NULL,
`badge_config` text NOT NULL,
`badge_id` int(11) NOT NULL auto_increment,
`title` varchar(255) NOT NULL default '',
`is_active` int(11) NOT NULL default '1',
PRIMARY KEY  (`badge_id`),
KEY `user_badges` (`is_active`,`user_id`,`badge_tag`)
) TYPE=MyISAM AUTO_INCREMENT=1 ;

--
-- Dumping data for table `blog_badges`
--


-- --------------------------------------------------------

--
-- Table structure for table `boardmessages`
--
-- Creation: Jul 13, 2009 at 05:30 PM
-- Last update: Jul 13, 2009 at 05:30 PM
--

CREATE TABLE IF NOT EXISTS `boardmessages` (
`boardmessage_id` int(11) NOT NULL auto_increment,
`title` varchar(255) NOT NULL default '',
`body` longtext,
`created` int(11) default '0',
`changed` int(11) default '0',
`user_id` int(11) default '0',
`allow_anonymous` tinyint(1) default '1',
`user_name` varchar(100) default NULL,
`email` varchar(100) default NULL,
`homepage` varchar(255) default NULL,
`parent_id` int(11) default '0',
`parent_type` varchar(50) default NULL,
PRIMARY KEY  (`boardmessage_id`),
KEY `parent_id` (`parent_id`),
KEY `parent_type` (`parent_type`),
KEY `user_id` (`user_id`)
) TYPE=MyISAM AUTO_INCREMENT=1 ;

--
-- Dumping data for table `boardmessages`
--


-- --------------------------------------------------------

--
-- Table structure for table `categories`
--
-- Creation: Jul 13, 2009 at 05:30 PM
-- Last update: Jul 13, 2009 at 05:30 PM
--

CREATE TABLE IF NOT EXISTS `categories` (
`category_id` int(11) NOT NULL auto_increment,
`position` varchar(255) default NULL,
`name` varchar(255) default NULL,
`description` text,
`type` enum('Default','Content') NOT NULL default 'Default',
`is_active` tinyint(1) default '0',
`created` int(11) default '0',
`changed` int(11) default '0',
PRIMARY KEY  (`category_id`),
KEY `active_position` (`is_active`,`position`)
) TYPE=MyISAM  AUTO_INCREMENT=57 ;

--
-- Dumping data for table `categories`
--

INSERT INTO `categories` (`category_id`, `position`, `name`, `description`, `type`, `is_active`, `created`, `changed`) VALUES
(1, '1>', 'Activities', 'Description of Activities', 'Default', 1, 1136967446, 1136967446),
(2, '2>', 'Alumni & Schools', 'Description of Alumni & Schools', 'Default', 1, 1136967446, 1136967446),
(3, '3>', 'Arts & Entertainment', 'Description of Arts & Entertainment', 'Default', 1, 1136967446, 1136967446),
(4, '4>', 'Automotive', 'Description of Automotive', 'Default', 1, 1136967446, 1136967446),
(5, '5>', 'Business', 'Description of Business', 'Default', 1, 1136967446, 1136967446),
(6, '6>', 'Cities & Neighborhoods', 'Description of Cities & Neighborhoods', 'Default', 1, 1136967446, 1136967446),
(7, '7>', 'Company', 'Description of Company', 'Default', 1, 1136967446, 1136967446),
(8, '8>', 'Computers & Internet', 'Description of Computers & Internet', 'Default', 1, 1136967446, 1136967446),
(9, '9>', 'Countries & Regional', 'Description of Countries & Regional', 'Default', 1, 1136967446, 1136967446),
(10, '10>', 'Cultures & Community', 'Description of Cultures & Community', 'Default', 1, 1136967446, 1136967446),
(11, '11>', 'Family & Home', 'Description of Family & Home', 'Default', 1, 1136967446, 1136967446),
(12, '12>', 'Fashion & Beauty', 'Description of Fashion & Beauty', 'Default', 1, 1136967446, 1136967446),
(13, '13>', 'Food, Drink & Wine', 'Description of Food, Drink & Wine', 'Default', 1, 1136967446, 1136967446),
(14, '14>', 'Games', 'Description of Games', 'Default', 1, 1136967446, 1136967446),
(15, '15>', 'Gay, Lesbian & Bi', 'Description of Gay, Lesbian & Bi', 'Default', 1, 1136967446, 1136967446),
(16, '16>', 'Government & Politics', 'Description of Government & Politics', 'Default', 1, 1136967446, 1136967446),
(17, '17>', 'Health, Wellness & Fitness', 'Description of Health, Wellness & Fitness', 'Default', 1, 1136967446, 1136967446),
(18, '18>', 'Hobbies & Crafts', 'Description of Hobbies & Crafts', 'Default', 1, 1136967446, 1136967446),
(19, '19>', 'Individuals', 'Description of Individuals', 'Default', 1, 1136967446, 1136967446),
(20, '20>', 'Music', 'Music', 'Default', 1, 1136967446, 1136967446),
(21, '21>', 'Pets & Animals', 'Description of Pets & Animals', 'Default', 1, 1136967446, 1136967446),
(22, '22>', 'Recreation & Sports', 'Description of Recreation & Sports', 'Default', 1, 1136967446, 1136967446),
(23, '23>', 'Religion & Beliefs', 'Description of Religion & Beliefs', 'Default', 1, 1136967446, 1136967446),
(24, '24>', 'Romance & Relationships', 'Description of Romance & Relationships', 'Default', 1, 1136967446, 1136967446),
(25, '25>', 'Schools & Education', 'Description of Schools & Education', 'Default', 1, 1136967446, 1136967446),
(26, '26>', 'Science & History', 'Description of Science & History', 'Default', 1, 1136967446, 1136967446),
(27, '27>', 'Travel', 'Description of Travel', 'Default', 1, 1136967446, 1136967446),
(28, '28>', 'Others', 'Description of Others', 'Default', 1, 1136967446, 1136967446),
(29, '1>29>', 'Sub Activities', 'Sub Description of Activities', 'Default', 1, 1136971089, 1136971089),
(30, '2>30>', 'Sub Alumni & Schools', 'Sub Description of Alumni & Schools', 'Default', 1, 1136971089, 1136971089),
(31, '3>31>', 'Sub Arts & Entertainment', 'Sub Description of Arts & Entertainment', 'Default', 1, 1136971089, 1136971089),
(32, '4>32>', 'Sub Automotive', 'Sub Description of Automotive', 'Default', 1, 1136971089, 1136971089),
(33, '5>33>', 'Sub Business', 'Sub Description of Business', 'Default', 1, 1136971089, 1136971089),
(34, '6>34>', 'Sub Cities & Neighborhoods', 'Sub Description of Cities & Neighborhoods', 'Default', 1, 1136971089, 1136971089),
(35, '7>35>', 'Sub Company', 'Sub Description of Company', 'Default', 1, 1136971089, 1136971089),
(36, '8>36>', 'Sub Computers & Internet', 'Sub Description of Computers & Internet', 'Default', 1, 1136971089, 1136971089),
(37, '9>37>', 'Sub Countries & Regional', 'Sub Description of Countries & Regional', 'Default', 1, 1136971089, 1136971089),
(38, '10>38>', 'Sub Cultures & Community', 'Sub Description of Cultures & Community', 'Default', 1, 1136971089, 1136971089),
(39, '11>39>', 'Sub Family & Home', 'Sub Description of Family & Home', 'Default', 1, 1136971089, 1136971089),
(40, '12>40>', 'Sub Fashion & Beauty', 'Sub Description of Fashion & Beauty', 'Default', 1, 1136971089, 1136971089),
(41, '13>41>', 'Sub Food, Drink & Wine', 'Sub Description of Food, Drink & Wine', 'Default', 1, 1136971090, 1136971090),
(42, '14>42>', 'Sub Games', 'Sub Description of Games', 'Default', 1, 1136971090, 1136971090),
(43, '15>43>', 'Sub Gay, Lesbian & Bi', 'Sub Description of Gay, Lesbian & Bi', 'Default', 1, 1136971090, 1136971090),
(44, '16>44>', 'Sub Government & Politics', 'Sub Description of Government & Politics', 'Default', 1, 1136971090, 1136971090),
(45, '17>45>', 'Sub Health, Wellness & Fitness', 'Sub Description of Health, Wellness & Fitness', 'Default', 1, 1136971090, 1136971090),
(46, '18>46>', 'Sub Hobbies & Crafts', 'Sub Description of Hobbies & Crafts', 'Default', 1, 1136971090, 1136971090),
(47, '19>47>', 'Sub Individuals', 'Sub Description of Individuals', 'Default', 1, 1136971090, 1136971090),
(48, '20>48>', 'Sub Neighborhoods  Music', 'Sub Description of Neighborhoods  Music', 'Default', 1, 1136971090, 1136971090),
(49, '21>49>', 'Sub Pets & Animals', 'Sub Description of Pets & Animals', 'Default', 1, 1136971090, 1136971090),
(50, '22>50>', 'Sub Recreation & Sports', 'Sub Description of Recreation & Sports', 'Default', 1, 1136971090, 1136971090),
(51, '23>51>', 'Sub Religion & Beliefs', 'Sub Description of Religion & Beliefs', 'Default', 1, 1136971090, 1136971090),
(52, '24>52>', 'Sub Romance & Relationships', 'Sub Description of Romance & Relationships', 'Default', 1, 1136971090, 1136971090),
(53, '25>53>', 'Sub Schools & Education', 'Sub Description of Schools & Education', 'Default', 1, 1136971090, 1136971090),
(54, '26>54>', 'Sub Science & History', 'Sub Description of Science & History', 'Default', 1, 1136971090, 1136971090),
(55, '27>55>', 'Sub Travel', 'Sub Description of Travel', 'Default', 1, 1136971090, 1136971090),
(56, '28>56>', 'Sub Others', 'Sub Description of Others', 'Default', 1, 1136971090, 1136971090);

-- --------------------------------------------------------

--
-- Table structure for table `categories_boardmessages`
--
-- Creation: Jul 13, 2009 at 05:30 PM
-- Last update: Jul 13, 2009 at 05:30 PM
--

-- CREATE TABLE IF NOT EXISTS `categories_boardmessages` (
--  `category_id` int(11) NOT NULL default '0',
--  `boardmessage_id` int(11) NOT NULL default '0',
--  KEY `boardmessage_to_category` (`boardmessage_id`,`category_id`),
--  KEY `category_to_boardmessage` (`category_id`,`boardmessage_id`)
-- ) TYPE=MyISAM;

--
-- Dumping data for table `categories_boardmessages`
--


-- --------------------------------------------------------

--
-- Table structure for table `channel_comment`
--
-- Creation: Jul 13, 2009 at 05:30 PM
-- Last update: Jul 13, 2009 at 05:30 PM
--

CREATE TABLE IF NOT EXISTS `channel_comment` (
`comment_id` int(11) NOT NULL auto_increment,
`channel_id` int(11) NOT NULL,
`comment` text NOT NULL,
`user_id` int(11) NOT NULL,
`created` int(11) NOT NULL,
`is_active` tinyint(1) NOT NULL,
`slug` text NOT NULL,
PRIMARY KEY  (`comment_id`)
) TYPE=MyISAM AUTO_INCREMENT=1 ;

--
-- Dumping data for table `channel_comment`
--


-- --------------------------------------------------------

--
-- Table structure for table `comments`
--
-- Creation: Jul 13, 2009 at 05:30 PM
-- Last update: Jul 13, 2009 at 05:30 PM
--

CREATE TABLE IF NOT EXISTS `comments` (
`comment_id` int(11) NOT NULL auto_increment,
`content_id` int(11) NOT NULL default '0',
`user_id` int(11) NOT NULL default '0',
`subject` varchar(255) default NULL,
`comment` longtext NOT NULL,
`created` int(11) NOT NULL default '0',
`changed` int(11) NOT NULL default '0',
`is_active` tinyint(1) NOT NULL default '0',
`name` varchar(100) default NULL,
`email` varchar(100) default NULL,
`homepage` varchar(100) default NULL,
`ip_addr` varchar(32) NOT NULL,
`referrer` text NOT NULL,
`user_agent` varchar(255) NOT NULL,
`spam_state` int(11) NOT NULL default '0',
`akismet_spam` tinyint(1) default NULL,
`parent_id` int(11) default NULL,
`parent_type` varchar(100) default NULL,
PRIMARY KEY  (`comment_id`),
KEY `comments_for_content` (`is_active`,`content_id`,`created`),
KEY `comments_by_user` (`is_active`,`user_id`,`created`)
) TYPE=MyISAM AUTO_INCREMENT=1 ;

--
-- Dumping data for table `comments`
--


-- --------------------------------------------------------

--
-- Table structure for table `configurable_text`
--
-- Creation: Jul 13, 2009 at 05:30 PM
-- Last update: Jul 13, 2009 at 05:30 PM
--

CREATE TABLE IF NOT EXISTS `configurable_text` (
`id` int(11) NOT NULL auto_increment,
`caption` varchar(255) default NULL,
`caption_value` varchar(255) default NULL,
PRIMARY KEY  (`id`)
) TYPE=MyISAM  AUTO_INCREMENT=10 ;

--
-- Dumping data for table `configurable_text`
--

INSERT INTO `configurable_text` (`id`, `caption`, `caption_value`) VALUES
(1, 'News', 'News'),
(2, 'NewsHeading3', 'Google Buys Quebec'),
(3, 'NewsHeading2', 'AOL Releases Virginia'),
(4, 'NewsHeading1', 'EMI Launches'),
(5, 'Standards', ' Standards'),
(6, 'Standard1', 'iTags v3.0 Ships'),
(7, 'Standard2', 'AOL supports SB.org'),
(8, 'Standard3', 'Apple Adheres to mRSS'),
(9, 'Scene1', 'Marc Canter speaking at current conferences and The Scene...');

-- --------------------------------------------------------

--
-- Table structure for table `config_variables`
--
-- Creation: Jul 13, 2009 at 05:30 PM
-- Last update: Jul 13, 2009 at 05:30 PM
--

CREATE TABLE IF NOT EXISTS `config_variables` (
`variable` varchar(100) NOT NULL,
`value` tinytext NOT NULL,
PRIMARY KEY  (`variable`)
) TYPE=MyISAM;

--
-- Dumping data for table `config_variables`
--


-- --------------------------------------------------------

--
-- Table structure for table `contentcollections`
--
-- Creation: Jul 13, 2009 at 05:30 PM
-- Last update: Jul 13, 2009 at 05:30 PM
--

CREATE TABLE IF NOT EXISTS `contentcollections` (
`collection_id` int(11) NOT NULL default '0',
`type` int(2) NOT NULL default '0',
`title` varchar(255) NOT NULL default '',
`author_id` int(11) NOT NULL default '0',
`description` longtext,
`is_active` tinyint(1) NOT NULL default '0',
`created` int(11) NOT NULL default '0',
`changed` int(11) NOT NULL default '0',
`picture` text,
PRIMARY KEY  (`collection_id`),
KEY `is_active` (`is_active`)
) TYPE=MyISAM;

--
-- Dumping data for table `contentcollections`
--


-- --------------------------------------------------------

--
-- Table structure for table `contentcollections_albumtype`
--
-- Creation: Jul 13, 2009 at 05:30 PM
-- Last update: Jul 13, 2009 at 05:30 PM
--

CREATE TABLE IF NOT EXISTS `contentcollections_albumtype` (
`contentcollection_id` int(11) NOT NULL,
`album_type_id` int(2) NOT NULL,
KEY `album_type_to_contentcollection` (`album_type_id`,`contentcollection_id`),
KEY `contentcollections_to_album_type` (`contentcollection_id`,`album_type_id`)
) TYPE=MyISAM;

--
-- Dumping data for table `contentcollections_albumtype`
--


-- --------------------------------------------------------

--
-- Table structure for table `contentcollection_types`
--
-- Creation: Jul 13, 2009 at 05:30 PM
-- Last update: Jul 13, 2009 at 05:30 PM
--

CREATE TABLE IF NOT EXISTS `contentcollection_types` (
`type_id` int(11) NOT NULL default '0',
`name` varchar(50) NOT NULL default '',
`description` text,
PRIMARY KEY  (`type_id`)
) TYPE=MyISAM;

--
-- Dumping data for table `contentcollection_types`
--

INSERT INTO `contentcollection_types` (`type_id`, `name`, `description`) VALUES
(1, 'Group', ''),
(2, 'Album', '');

-- --------------------------------------------------------

--
-- Table structure for table `contents`
--
-- Creation: Jul 13, 2009 at 05:30 PM
-- Last update: Jul 13, 2009 at 05:30 PM
--

CREATE TABLE IF NOT EXISTS `contents` (
`content_id` int(11) NOT NULL default '0',
`author_id` int(11) NOT NULL default '0',
`type` int(2) NOT NULL default '0',
`title` varchar(255) NOT NULL default '',
`is_active` tinyint(1) NOT NULL default '0',
`body` longtext NOT NULL,
`allow_comments` tinyint(1) NOT NULL default '0',
`collection_id` int(11) NOT NULL default '0',
`created` int(11) NOT NULL default '0',
`changed` int(11) NOT NULL default '0',
`trackbacks` text,
`display_on` tinyint(1) default '0',
`is_html` tinyint(1) default '1',
PRIMARY KEY  (`content_id`),
KEY `homepage_content` (`is_active`,`display_on`,`collection_id`,`created`),
KEY `homepage_typed_content` (`is_active`,`display_on`,`collection_id`,`type`,`created`),
KEY `user_content` (`is_active`,`collection_id`,`author_id`,`created`),
KEY `user_typed_content` (`is_active`,`collection_id`,`author_id`,`type`,`created`)
) TYPE=MyISAM;

--
-- Dumping data for table `contents`
--


-- --------------------------------------------------------

--
-- Table structure for table `contents_sbmicrocontents`
--
-- Creation: Jul 13, 2009 at 05:30 PM
-- Last update: Jul 13, 2009 at 05:30 PM
--

CREATE TABLE IF NOT EXISTS `contents_sbmicrocontents` (
`content_id` int(11) NOT NULL default '0',
`microcontent_id` int(11) NOT NULL default '0',
KEY `content_to_microcontent` (`content_id`,`microcontent_id`),
KEY `microcontent_to_content` (`microcontent_id`,`content_id`)
) TYPE=MyISAM;

--
-- Dumping data for table `contents_sbmicrocontents`
--


-- --------------------------------------------------------

--
-- Table structure for table `content_routing_destinations`
--
-- Creation: Jul 13, 2009 at 05:30 PM
-- Last update: Jul 13, 2009 at 05:30 PM
--

CREATE TABLE IF NOT EXISTS `content_routing_destinations` (
`index_id` int(11) NOT NULL auto_increment,
`user_id` int(11) NOT NULL default '0',
`blog_name` varchar(50) NOT NULL default '',
`blog_url` varchar(255) NOT NULL default '',
`user_name` varchar(50) NOT NULL default '',
`password` varchar(20) NOT NULL default '',
`blog_type` char(2) NOT NULL default '',
PRIMARY KEY  (`index_id`),
KEY `user_id` (`user_id`)
) TYPE=MyISAM AUTO_INCREMENT=1 ;

--
-- Dumping data for table `content_routing_destinations`
--


-- --------------------------------------------------------

--
-- Table structure for table `content_types`
--
-- Creation: Jul 13, 2009 at 05:30 PM
-- Last update: Jul 13, 2009 at 05:30 PM
--

CREATE TABLE IF NOT EXISTS `content_types` (
`type_id` int(2) NOT NULL default '0',
`name` varchar(50) NOT NULL default '',
`description` text,
PRIMARY KEY  (`type_id`),
KEY `name` (`name`)
) TYPE=MyISAM;

--
-- Dumping data for table `content_types`
--

INSERT INTO `content_types` (`type_id`, `name`, `description`) VALUES
(1, 'BlogPost', ''),
(2, 'Review', ''),
(3, 'Event', ''),
(4, 'Image', ''),
(5, 'Audio', ''),
(6, 'Video', ''),
(7, 'SBMicroContent', 'SBMicroContent'),
(8, 'Question', 'Question'),
(12, 'TekVideo', 'TekVideo');

-- --------------------------------------------------------

--
-- Table structure for table `announcements`
--
-- Creation: Jul 13, 2009 at 05:30 PM
-- Last update: Jul 13, 2009 at 05:30 PM
--

CREATE TABLE IF NOT EXISTS `announcements` (
`content_id` int(11) NOT NULL,
`announcement_time` int(11) NOT NULL default '0',
`position` tinyint(1) NOT NULL default '0',
`status` tinyint(1) NOT NULL default '0',
`is_active` tinyint(1) NOT NULL default '0'
) TYPE=MyISAM;

--
-- Dumping data for table `announcements`
--


-- --------------------------------------------------------

--
-- Table structure for table `domains_in_comments`
--
-- Creation: Jul 13, 2009 at 05:30 PM
-- Last update: Jul 13, 2009 at 05:30 PM
--

CREATE TABLE IF NOT EXISTS `domains_in_comments` (
`domain_id` int(11) NOT NULL,
`comment_id` int(11) NOT NULL,
`occurrences` int(11) NOT NULL,
PRIMARY KEY  (`comment_id`,`domain_id`),
KEY `domain_id` (`domain_id`)
) TYPE=MyISAM;

--
-- Dumping data for table `domains_in_comments`
--


-- --------------------------------------------------------

--
-- Table structure for table `entities`
--
-- Creation: Jul 13, 2009 at 05:30 PM
-- Last update: Jul 13, 2009 at 05:30 PM
--

CREATE TABLE IF NOT EXISTS `entities` (
`id` int(11) NOT NULL auto_increment,
`entity_service` varchar(32) NOT NULL,
`entity_type` varchar(32) NOT NULL,
`entity_id` varchar(64) NOT NULL,
`entity_name` varchar(255) NOT NULL,
PRIMARY KEY  (`id`),
UNIQUE KEY `entity_service` (`entity_service`,`entity_type`,`entity_id`)
) TYPE=MyISAM AUTO_INCREMENT=1 ;

--
-- Dumping data for table `entities`
--


-- --------------------------------------------------------

--
-- Table structure for table `entityattributes`
--
-- Creation: Jul 13, 2009 at 05:30 PM
-- Last update: Jul 13, 2009 at 05:30 PM
--

CREATE TABLE IF NOT EXISTS `entityattributes` (
`id` int(11) NOT NULL,
`attribute_name` varchar(32) NOT NULL,
`attribute_value` text NOT NULL,
`attribute_permission` int(11) default NULL,
KEY `id` (`id`,`attribute_name`)
) TYPE=MyISAM;

--
-- Dumping data for table `entityattributes`
--


-- --------------------------------------------------------

--
-- Table structure for table `entityrelationattributes`
--
-- Creation: Jul 13, 2009 at 05:30 PM
-- Last update: Jul 13, 2009 at 05:30 PM
--

CREATE TABLE IF NOT EXISTS `entityrelationattributes` (
`id` int(11) NOT NULL,
`attribute_name` varchar(32) NOT NULL,
`attribute_value` text NOT NULL,
`attribute_permission` int(11) default NULL,
KEY `id` (`id`,`attribute_name`)
) TYPE=MyISAM;

--
-- Dumping data for table `entityrelationattributes`
--


-- --------------------------------------------------------

--
-- Table structure for table `entityrelations`
--
-- Creation: Jul 13, 2009 at 05:30 PM
-- Last update: Jul 13, 2009 at 05:30 PM
--

CREATE TABLE IF NOT EXISTS `entityrelations` (
`id` int(11) NOT NULL auto_increment,
`subject_service` varchar(32) NOT NULL,
`subject_type` varchar(32) NOT NULL,
`subject_id` varchar(64) NOT NULL,
`relation_type` varchar(32) NOT NULL,
`object_service` varchar(32) NOT NULL,
`object_type` varchar(32) NOT NULL,
`object_id` varchar(64) NOT NULL,
`start_time` int(11) NOT NULL,
`end_time` int(11) default NULL,
PRIMARY KEY  (`id`),
KEY `object_service` (`object_service`,`object_type`,`object_id`,`relation_type`,`end_time`),
KEY `subject_service` (`subject_service`,`subject_type`,`subject_id`,`relation_type`,`end_time`)
) TYPE=MyISAM AUTO_INCREMENT=1 ;

--
-- Dumping data for table `entityrelations`
--


-- --------------------------------------------------------

--
-- Table structure for table `events`
--
-- Creation: Jul 13, 2009 at 05:30 PM
-- Last update: Jul 13, 2009 at 05:30 PM
--

CREATE TABLE IF NOT EXISTS `events` (
`event_id` int(11) NOT NULL auto_increment,
`content_id` text NOT NULL,
`user_id` int(11) NOT NULL,
`event_title` text NOT NULL,
`start_time` datetime NOT NULL,
`end_time` datetime NOT NULL,
`event_data` text,
PRIMARY KEY  (`event_id`),
KEY `uid` (`user_id`),
KEY `start_time` (`start_time`),
KEY `end_time` (`end_time`),
KEY `delta` (`start_time`,`end_time`)
) TYPE=MyISAM AUTO_INCREMENT=1 ;

--
-- Dumping data for table `events`
--


-- --------------------------------------------------------

--
-- Table structure for table `events_associations`
--
-- Creation: Jul 13, 2009 at 05:30 PM
-- Last update: Jul 13, 2009 at 05:30 PM
--

CREATE TABLE IF NOT EXISTS `events_associations` (
`assoc_id` int(11) NOT NULL auto_increment,
`event_id` int(11) NOT NULL,
`user_id` int(11) NOT NULL,
`assoc_target_type` varchar(30) NOT NULL,
`assoc_target_id` int(11) NOT NULL,
`assoc_target_name` text NOT NULL,
`event_title` text NOT NULL,
`start_time` datetime NOT NULL,
`end_time` datetime NOT NULL,
`assoc_data` text,
PRIMARY KEY  (`assoc_id`),
KEY `event_id` (`event_id`),
KEY `user_id` (`user_id`),
KEY `assoc_target_type` (`assoc_target_type`),
KEY `assoc_target_id` (`assoc_target_id`),
KEY `start_time` (`start_time`),
KEY `end_time` (`end_time`),
KEY `target` (`assoc_target_type`,`assoc_target_id`)
) TYPE=MyISAM AUTO_INCREMENT=1 ;

--
-- Dumping data for table `events_associations`
--


-- --------------------------------------------------------

--
-- Table structure for table `external_feed`
--
-- Creation: Jul 13, 2009 at 05:30 PM
-- Last update: Jul 13, 2009 at 05:30 PM
--

CREATE TABLE IF NOT EXISTS `external_feed` (
`feed_id` int(11) NOT NULL auto_increment,
`import_url` varchar(255) NOT NULL default '',
`max_posts` smallint(4) default '5',
`is_active` int(2) default NULL,
`feed_type` varchar(100) NOT NULL default 'user',
`last_build_date` int(11) default NULL,
PRIMARY KEY  (`feed_id`),
KEY `is_active` (`is_active`)
) TYPE=MyISAM AUTO_INCREMENT=1 ;

--
-- Dumping data for table `external_feed`
--


-- --------------------------------------------------------

--
-- Table structure for table `ext_cache`
--
-- Creation: Jul 13, 2009 at 05:30 PM
-- Last update: Jul 13, 2009 at 05:30 PM
--

CREATE TABLE IF NOT EXISTS `ext_cache` (
`cache_key` varchar(255) NOT NULL,
`created` datetime NOT NULL,
`user_id` int(11) NOT NULL,
`data` text NOT NULL,
`expires` datetime NOT NULL,
KEY `item` (`user_id`,`cache_key`,`expires`)
) TYPE=MyISAM;

--
-- Dumping data for table `ext_cache`
--


-- --------------------------------------------------------

--
-- Table structure for table `feed_data`
--
-- Creation: Jul 13, 2009 at 05:30 PM
-- Last update: Jul 13, 2009 at 05:30 PM
--

CREATE TABLE IF NOT EXISTS `feed_data` (
`feed_data_id` int(11) NOT NULL auto_increment,
`feed_id` int(11) NOT NULL default '0',
`title` varchar(255) default NULL,
`description` text,
`original_url` varchar(255) default NULL,
`publish_date` int(11) default NULL,
PRIMARY KEY  (`feed_data_id`),
KEY `feed_content` (`feed_id`,`publish_date`)
) TYPE=MyISAM AUTO_INCREMENT=1 ;

--
-- Dumping data for table `feed_data`
--


-- --------------------------------------------------------

--
-- Table structure for table `files`
--
-- Creation: Jul 13, 2009 at 05:30 PM
-- Last update: Jul 13, 2009 at 05:30 PM
--

CREATE TABLE IF NOT EXISTS `files` (
`file_id` int(11) NOT NULL auto_increment,
`filename` varchar(255) NOT NULL,
`file_class` varchar(32) NOT NULL,
`mime_type` varchar(255) NOT NULL,
`incomplete` tinyint(1) NOT NULL default '1',
`created` datetime NOT NULL,
`link_count` int(11) NOT NULL default '0',
`storage_backend` varchar(32) default NULL,
`local_id` varchar(255) default NULL,
`last_linked` datetime default NULL,
`last_unlinked` datetime default NULL,
`width` int(11) NOT NULL,
`height` int(11) NOT NULL,
PRIMARY KEY  (`file_id`),
KEY `incomplete` (`incomplete`),
KEY `cleanup_search` (`link_count`,`last_unlinked`,`created`)
) TYPE=MyISAM AUTO_INCREMENT=1 ;

--
-- Dumping data for table `files`
--


-- --------------------------------------------------------

--
-- Table structure for table `file_links`
--
-- Creation: Jul 13, 2009 at 05:30 PM
-- Last update: Jul 13, 2009 at 05:30 PM
--

CREATE TABLE IF NOT EXISTS `file_links` (
`link_id` int(11) NOT NULL auto_increment,
`file_id` int(11) NOT NULL,
`role` varchar(32) NOT NULL,
`user_id` int(11) default NULL,
`network_id` int(11) default NULL,
`group_id` int(11) default NULL,
`ad_id` int(11) default NULL,
`content_id` int(11) default NULL,
`parent_file_id` int(11) default NULL,
`dim` varchar(32) default NULL,
PRIMARY KEY  (`file_id`,`link_id`),
KEY `thumbnail_lookup` (`role`,`parent_file_id`,`dim`),
KEY `user_files` (`user_id`,`role`)
) TYPE=MyISAM AUTO_INCREMENT=1 ;

--
-- Dumping data for table `file_links`
--


-- --------------------------------------------------------

--
-- Table structure for table `footer_links`
--
-- Creation: Jul 13, 2009 at 05:30 PM
-- Last update: Jul 13, 2009 at 05:30 PM
--

CREATE TABLE IF NOT EXISTS `footer_links` (
`id` int(11) NOT NULL auto_increment,
`caption` varchar(255) default NULL,
`url` varchar(255) default NULL,
`is_active` tinyint(1) default NULL,
`extra` text,
PRIMARY KEY  (`id`)
) TYPE=MyISAM AUTO_INCREMENT=1 ;

--
-- Dumping data for table `footer_links`
--


-- --------------------------------------------------------

--
-- Table structure for table `forgot_password`
--
-- Creation: Jul 13, 2009 at 05:30 PM
-- Last update: Jul 13, 2009 at 05:30 PM
--

CREATE TABLE IF NOT EXISTS `forgot_password` (
`user_id` int(11) NOT NULL default '0',
`forgot_password_id` varchar(255) NOT NULL default '0',
`status` tinyint(1) NOT NULL default '0',
PRIMARY KEY  (`forgot_password_id`),
KEY `user_status_id` (`user_id`,`status`,`forgot_password_id`)
) TYPE=MyISAM;

--
-- Dumping data for table `forgot_password`
--


-- --------------------------------------------------------

--
-- Table structure for table `groups`
--
-- Creation: Jul 13, 2009 at 05:30 PM
-- Last update: Jul 13, 2009 at 05:30 PM
--

CREATE TABLE IF NOT EXISTS `groups` (
`group_id` int(11) NOT NULL default '0',
`access_type` tinyint(1) NOT NULL default '0',
`reg_type` int(2) NOT NULL default '0',
`is_moderated` tinyint(1) NOT NULL default '0',
`category_id` int(11) NOT NULL default '0',
`header_image` text,
`header_image_action` int(2) default NULL,
`display_header_image` varchar(40) default '1',
`extra` text,
`group_type` varchar(64) NOT NULL default 'regular',
PRIMARY KEY  (`group_id`),
KEY `category_id` (`category_id`)
) TYPE=MyISAM;

--
-- Dumping data for table `groups`
--


-- --------------------------------------------------------

--
-- Table structure for table `groups_users`
--
-- Creation: Jul 13, 2009 at 05:30 PM
-- Last update: Jul 13, 2009 at 05:30 PM
--

CREATE TABLE IF NOT EXISTS `groups_users` (
`group_id` int(11) NOT NULL default '0',
`user_id` int(11) NOT NULL default '0',
`user_type` varchar(50) NOT NULL default '',
`created` int(11) default NULL,
KEY `users_groups` (`user_id`,`group_id`),
KEY `user_type_index` (`group_id`,`user_id`,`user_type`)
) TYPE=MyISAM;

--
-- Dumping data for table `groups_users`
--


-- --------------------------------------------------------

--
-- Table structure for table `images`
--
-- Creation: Jul 13, 2009 at 05:30 PM
-- Last update: Jul 13, 2009 at 05:30 PM
--

CREATE TABLE IF NOT EXISTS `images` (
`content_id` int(11) NOT NULL default '0',
`image_file` varchar(255) NOT NULL default '',
`image_perm` int(2) NOT NULL default '0',
PRIMARY KEY  (`content_id`)
) TYPE=MyISAM;

--
-- Dumping data for table `images`
--


-- --------------------------------------------------------

--
-- Table structure for table `invitations`
--
-- Creation: Jul 13, 2009 at 05:30 PM
-- Last update: Jul 13, 2009 at 05:30 PM
--

CREATE TABLE IF NOT EXISTS `invitations` (
`inv_id` varchar(255) NOT NULL,
`user_id` int(11) NOT NULL,
`inv_user_id` int(11) NOT NULL,
`inv_user_email` varchar(255) NOT NULL,
`inv_collection_id` int(11) NOT NULL,
`inv_status` int(2) NOT NULL,
`inv_data` longtext NOT NULL,
PRIMARY KEY  (`inv_id`),
KEY `inv_collection_id` (`inv_collection_id`),
KEY `inv_status` (`inv_status`),
KEY `user_id` (`user_id`)
) TYPE=MyISAM;

--
-- Dumping data for table `invitations`
--


-- --------------------------------------------------------

--
-- Table structure for table `items`
--
-- Creation: Jul 13, 2009 at 05:30 PM
-- Last update: Jul 13, 2009 at 05:30 PM
--

CREATE TABLE IF NOT EXISTS `items` (
`item_id` int(11) NOT NULL auto_increment,
`type` tinyint(1) NOT NULL,
`title` text NOT NULL,
`description` text,
`url` text,
`status` tinyint(1) NOT NULL,
`author_id` int(11) NOT NULL,
`created` int(11) NOT NULL,
`picture` text,
`changed` int(11) NOT NULL,
`changed_by` int(11) NOT NULL,
PRIMARY KEY  (`item_id`)
) TYPE=MyISAM AUTO_INCREMENT=1 ;

--
-- Dumping data for table `items`
--


-- --------------------------------------------------------

--
-- Table structure for table `items_collection`
--
-- Creation: Jul 13, 2009 at 05:30 PM
-- Last update: Jul 13, 2009 at 05:30 PM
--

CREATE TABLE IF NOT EXISTS `items_collection` (
`item_id` int(11) NOT NULL,
`collection_id` int(11) NOT NULL,
`is_default` tinyint(1) NOT NULL
) TYPE=MyISAM;

--
-- Dumping data for table `items_collection`
--


-- --------------------------------------------------------

--
-- Table structure for table `items_content`
--
-- Creation: Jul 13, 2009 at 05:30 PM
-- Last update: Jul 13, 2009 at 05:30 PM
--

CREATE TABLE IF NOT EXISTS `items_content` (
`item_id` int(11) NOT NULL,
`content_id` int(11) NOT NULL,
`is_default` tinyint(1) NOT NULL
) TYPE=MyISAM;

--
-- Dumping data for table `items_content`
--


-- --------------------------------------------------------

--
-- Table structure for table `items_data`
--
-- Creation: Jul 13, 2009 at 05:30 PM
-- Last update: Jul 13, 2009 at 05:30 PM
--

CREATE TABLE IF NOT EXISTS `items_data` (
`item_id` int(11) NOT NULL,
`field_name` text NOT NULL,
`field_value` text NOT NULL,
`seq` tinyint(1) NOT NULL
) TYPE=MyISAM;

--
-- Dumping data for table `items_data`
--


-- --------------------------------------------------------

--
-- Table structure for table `items_user`
--
-- Creation: Jul 13, 2009 at 05:30 PM
-- Last update: Jul 13, 2009 at 05:30 PM
--

CREATE TABLE IF NOT EXISTS `items_user` (
`item_id` int(11) NOT NULL,
`user_id` int(11) NOT NULL,
`joined` int(11) NOT NULL,
`is_active` tinyint(1) NOT NULL
) TYPE=MyISAM;

--
-- Dumping data for table `items_user`
--


-- --------------------------------------------------------

--
-- Table structure for table `item_messages`
--
-- Creation: Jul 13, 2009 at 05:30 PM
-- Last update: Jul 13, 2009 at 05:30 PM
--

CREATE TABLE IF NOT EXISTS `item_messages` (
`id` int(11) NOT NULL auto_increment,
`item_id` int(11) NOT NULL,
`user_id` int(11) NOT NULL,
`message` text NOT NULL,
`created` int(11) NOT NULL,
`is_active` tinyint(1) NOT NULL,
`type` tinyint(1) NOT NULL,
`url` varchar(255) default NULL,
PRIMARY KEY  (`id`)
) TYPE=MyISAM AUTO_INCREMENT=1 ;

--
-- Dumping data for table `item_messages`
--


-- --------------------------------------------------------

--
-- Table structure for table `linkcategories`
--
-- Creation: Jul 13, 2009 at 05:30 PM
-- Last update: Jul 13, 2009 at 05:30 PM
--

CREATE TABLE IF NOT EXISTS `linkcategories` (
`category_id` int(11) NOT NULL auto_increment,
`category_name` varchar(255) default NULL,
`user_id` int(11) default NULL,
`created` int(11) default NULL,
`changed` int(11) default NULL,
`is_active` tinyint(1) default NULL,
PRIMARY KEY  (`category_id`),
KEY `user_categories` (`user_id`,`is_active`,`created`)
) TYPE=MyISAM AUTO_INCREMENT=1 ;

--
-- Dumping data for table `linkcategories`
--


-- --------------------------------------------------------

--
-- Table structure for table `links`
--
-- Creation: Jul 13, 2009 at 05:30 PM
-- Last update: Jul 13, 2009 at 05:30 PM
--

CREATE TABLE IF NOT EXISTS `links` (
`link_id` int(11) NOT NULL auto_increment,
`title` varchar(255) default NULL,
`url` varchar(255) default NULL,
`category_id` int(11) default NULL,
`created` int(11) default NULL,
`changed` int(11) default NULL,
`is_active` tinyint(1) default NULL,
PRIMARY KEY  (`link_id`),
KEY `cat_active_created` (`category_id`,`is_active`,`created`)
) TYPE=MyISAM AUTO_INCREMENT=1 ;

--
-- Dumping data for table `links`
--


-- --------------------------------------------------------

--
-- Table structure for table `local_files`
--
-- Creation: Jul 13, 2009 at 05:30 PM
-- Last update: Jul 13, 2009 at 05:30 PM
--

CREATE TABLE IF NOT EXISTS `local_files` (
`file_id` int(11) NOT NULL,
`timestamp` datetime NOT NULL,
`filename` varchar(255) NOT NULL,
`servers` varchar(255) NOT NULL,
`is_deletion` tinyint(1) default '0',
PRIMARY KEY  (`file_id`),
KEY `filename` (`filename`),
KEY `when_changed` (`timestamp`)
) TYPE=MyISAM;

--
-- Dumping data for table `local_files`
--


-- --------------------------------------------------------

--
-- Table structure for table `local_file_sync_state`
--
-- Creation: Jul 13, 2009 at 05:30 PM
-- Last update: Jul 13, 2009 at 05:30 PM
--

CREATE TABLE IF NOT EXISTS `local_file_sync_state` (
`server_id` varchar(16) NOT NULL,
`timestamp` datetime NOT NULL
) TYPE=MyISAM;

--
-- Dumping data for table `local_file_sync_state`
--


-- --------------------------------------------------------

--
-- Table structure for table `login_cookies`
--
-- Creation: Jul 13, 2009 at 05:30 PM
-- Last update: Jul 13, 2009 at 05:30 PM
--

CREATE TABLE IF NOT EXISTS `login_cookies` (
`user_id` int(11) NOT NULL,
`series` varchar(32) NOT NULL,
`token` varchar(32) NOT NULL,
`expires` datetime NOT NULL,
`user_agent` varchar(255) NOT NULL,
`ip_addr` varchar(16) NOT NULL,
PRIMARY KEY  (`user_id`,`series`),
KEY `expires` (`expires`)
) TYPE=MyISAM;

--
-- Dumping data for table `login_cookies`
--


-- --------------------------------------------------------

--
-- Table structure for table `mc_db_status`
--
-- Creation: Jul 13, 2009 at 05:30 PM
-- Last update: Jul 13, 2009 at 05:30 PM
--

CREATE TABLE IF NOT EXISTS `mc_db_status` (
`stmt_key` varchar(255) NOT NULL,
`network` varchar(50) NOT NULL default '',
PRIMARY KEY  (`stmt_key`,`network`)
) TYPE=MyISAM;

--
-- Dumping data for table `mc_db_status`
--


-- --------------------------------------------------------

--
-- Table structure for table `media_videos`
--
-- Creation: Jul 13, 2009 at 05:30 PM
-- Last update: Jul 13, 2009 at 05:30 PM
--

CREATE TABLE IF NOT EXISTS `media_videos` (
`id` int(11) NOT NULL auto_increment,
`video_id` varchar(50) NOT NULL,
`content_id` int(11) NOT NULL,
`author_id` int(11) NOT NULL,
`category_id` int(11) default NULL,
`external_thumbnail` text,
`internal_thumbnail` text,
`email_id` varchar(11) NOT NULL,
`views` int(11) default NULL,
`embed_tag` text,
`view_url` text,
`duration` int(11) default NULL,
`status` int(5) default NULL,
`video_perm` int(5) default NULL,
PRIMARY KEY  (`id`)
) TYPE=MyISAM AUTO_INCREMENT=1 ;

--
-- Dumping data for table `media_videos`
--


-- --------------------------------------------------------

--
-- Table structure for table `message_folder`
--
-- Creation: Jul 13, 2009 at 05:30 PM
-- Last update: Jul 13, 2009 at 05:33 PM
--

CREATE TABLE IF NOT EXISTS `message_folder` (
`fid` int(11) NOT NULL auto_increment,
`uid` int(11) NOT NULL default '0',
`name` varchar(255) NOT NULL default '',
PRIMARY KEY  (`fid`),
KEY `name_to_fid` (`uid`,`name`)
) TYPE=MyISAM  AUTO_INCREMENT=4 ;

--
-- Dumping data for table `message_folder`
--

INSERT INTO `message_folder` (`fid`, `uid`, `name`) VALUES
(1, 1, 'Inbox'),
(2, 1, 'Sent'),
(3, 1, 'Draft');

-- --------------------------------------------------------

--
-- Table structure for table `Message_seq`
--
-- Creation: Jul 13, 2009 at 05:33 PM
-- Last update: Jul 13, 2009 at 05:33 PM
--

CREATE TABLE IF NOT EXISTS `Message_seq` (
`id` int(10) unsigned NOT NULL auto_increment,
PRIMARY KEY  (`id`)
) TYPE=MyISAM  AUTO_INCREMENT=2 ;

--
-- Dumping data for table `Message_seq`
--

INSERT INTO `Message_seq` (`id`) VALUES
(1);

-- --------------------------------------------------------

--
-- Table structure for table `moderation_queue`
--
-- Creation: Jul 13, 2009 at 05:30 PM
-- Last update: Jul 13, 2009 at 05:30 PM
--

CREATE TABLE IF NOT EXISTS `moderation_queue` (
`collection_id` int(11) NOT NULL default '0',
`item_id` int(11) NOT NULL default '0',
`type` varchar(20) NOT NULL default '',
KEY `collection_id` (`collection_id`)
) TYPE=MyISAM;

--
-- Dumping data for table `moderation_queue`
--


-- --------------------------------------------------------

--
-- Table structure for table `moduledata`
--
-- Creation: Jul 13, 2009 at 05:30 PM
-- Last update: Jul 13, 2009 at 05:30 PM
--

CREATE TABLE IF NOT EXISTS `moduledata` (
`id` int(11) NOT NULL auto_increment,
`modulename` varchar(255) default NULL,
`caption` varchar(255) default NULL,
`data` text,
`created` int(11) default NULL,
`changed` int(11) default NULL,
PRIMARY KEY  (`id`),
UNIQUE KEY `modulename` (`modulename`),
KEY `created` (`created`)
) TYPE=MyISAM  AUTO_INCREMENT=3 ;

--
-- Dumping data for table `moduledata`
--

INSERT INTO `moduledata` (`id`, `modulename`, `caption`, `data`, `created`, `changed`) VALUES
(1, 'LogoModule', NULL, NULL, NULL, 1167849000),
(2, 'TakeTour', NULL, NULL, NULL, 1167849000);

-- --------------------------------------------------------

--
-- Table structure for table `modules_settings`
--
-- Creation: Jul 13, 2009 at 05:30 PM
-- Last update: Jul 13, 2009 at 05:30 PM
--

CREATE TABLE IF NOT EXISTS `modules_settings` (
`module_name` varchar(255) NOT NULL default '',
`module_id` int(11) NOT NULL default '0',
`is_active` tinyint(2) NOT NULL default '1',
`title` varchar(100) NOT NULL default '',
KEY `is_active` (`is_active`),
KEY `module_id` (`module_id`)
) TYPE=MyISAM;

--
-- Dumping data for table `modules_settings`
--

INSERT INTO `modules_settings` (`module_name`, `module_id`, `is_active`, `title`) VALUES
('delicious', 2, 1, 'Delicious'),
('flickr', 1, 1, 'Flickr'),
('NewestGroupsModule', 3, 1, 'Newest Groups'),
('LargestGroupsModule', 4, 1, 'Largest Groups'),
('MyGroupsModule', 5, 1, 'My Groups'),
('GroupsByCategoryModule', 6, 1, 'Groups by Category'),
('AdsByGoogleModule', 7, 1, 'Ads by Gooooogle'),
('LogoModule', 8, 1, 'Logo'),
('GroupsInCategoryModule', 9, 1, 'Groups:'),
('RelationsModule', 10, 1, 'Relations'),
('UserTasksModule', 11, 1, 'My Tasks'),
('UserAudiosModule', 12, 1, 'Audios'),
('UserVideosModule', 13, 1, 'Videos'),
('UserPhotoModule', 14, 1, 'Photo'),
('UserMessagesModule', 15, 1, 'My Messages'),
('UserImagesModule', 16, 1, 'Images'),
('FlickrModule', 17, 1, 'Flickr'),
('LinkModule', 18, 1, 'Delicious'),
('ShowContentModule', 19, 1, 'Content'),
('UserInformationModule', 20, 1, 'User Profile'),
('UserCaptionModule', 21, 1, 'Caption'),
('MembersFacewallModule', 22, 1, 'Members'),
('PopularTagsModule', 23, 1, 'Popular Tags'),
('GroupsFacewallModule', 24, 1, 'Groups'),
('LogoModule', 25, 1, 'Logos'),
('ShowContentModule', 26, 1, 'Content'),
('RecentPostModule', 27, 1, 'Recent Post'),
('StatisticsModule', 28, 1, 'Statistics'),
('AdsByGoogleModule', 29, 1, 'Adds By Google');

-- --------------------------------------------------------

--
-- Table structure for table `networks`
--
-- Creation: Jul 13, 2009 at 05:30 PM
-- Last update: Jul 13, 2009 at 05:33 PM
--

CREATE TABLE IF NOT EXISTS `networks` (
`network_id` int(11) NOT NULL auto_increment,
`name` varchar(255) default NULL,
`address` varchar(50) default NULL,
`tagline` varchar(255) default NULL,
`type` int(1) default '0',
`maximum_members` int(11) default '0',
`category_id` int(11) default '0',
`description` text,
`header_image` varchar(255) default NULL,
`inner_logo_image` varchar(255) default NULL,
`network_alt_text` varchar(255) default NULL,
`is_active` int(1) default '0',
`created` int(11) default '0',
`changed` int(11) default '0',
`stop_after_limit` int(1) default '0',
`extra` text,
`member_count` int(11) NOT NULL,
`owner_id` int(11) NOT NULL,
PRIMARY KEY  (`network_id`),
KEY `network_member_counts` (`is_active`,`type`,`member_count`),
KEY `network_name_alpha` (`is_active`,`type`,`name`),
KEY `network_created` (`is_active`,`type`,`created`),
KEY `network_address` (`address`,`is_active`)
) TYPE=MyISAM  AUTO_INCREMENT=1 ;

-- --------------------------------------------------------

--
-- Table structure for table `networks_users`
--
-- Creation: Jul 13, 2009 at 05:30 PM
-- Last update: Jul 13, 2009 at 05:33 PM
--

CREATE TABLE IF NOT EXISTS `networks_users` (
`network_id` int(11) NOT NULL default '0',
`user_id` int(11) NOT NULL default '0',
`user_type` varchar(50) NOT NULL default '',
`created` int(11) NOT NULL,
KEY `recent_users` (`network_id`,`created`),
KEY `network_user_type` (`network_id`,`user_type`),
KEY `network_user_id_type` (`network_id`,`user_id`,`user_type`)
) TYPE=MyISAM;

--
-- Dumping data for table `networks_users`
--

INSERT INTO `networks_users` (`network_id`, `user_id`, `user_type`, `created`) VALUES
(1, 1, 'owner', 1247499193);

-- --------------------------------------------------------

--
-- Table structure for table `network_linkcategories`
--
-- Creation: Jul 13, 2009 at 05:30 PM
-- Last update: Jul 13, 2009 at 05:30 PM
--

CREATE TABLE IF NOT EXISTS `network_linkcategories` (
`category_id` int(11) NOT NULL auto_increment,
`category_name` varchar(255) default NULL,
`user_id` int(11) default NULL,
`created` int(11) default NULL,
`changed` int(11) default NULL,
`is_active` tinyint(1) default NULL,
PRIMARY KEY  (`category_id`),
KEY `user_cat` (`user_id`,`category_name`,`category_id`),
KEY `user_active` (`user_id`,`is_active`)
) TYPE=MyISAM AUTO_INCREMENT=1 ;

--
-- Dumping data for table `network_linkcategories`
--


-- --------------------------------------------------------

--
-- Table structure for table `network_links`
--
-- Creation: Jul 13, 2009 at 05:30 PM
-- Last update: Jul 13, 2009 at 05:30 PM
--

CREATE TABLE IF NOT EXISTS `network_links` (
`link_id` int(11) NOT NULL auto_increment,
`title` varchar(255) default NULL,
`url` varchar(255) default NULL,
`category_id` int(11) default NULL,
`created` int(11) default NULL,
`changed` int(11) default NULL,
`is_active` tinyint(1) default NULL,
PRIMARY KEY  (`link_id`),
KEY `cat_title` (`category_id`,`title`),
KEY `is_active` (`is_active`)
) TYPE=MyISAM AUTO_INCREMENT=1 ;

--
-- Dumping data for table `network_links`
--


-- --------------------------------------------------------

--
-- Table structure for table `page_default_settings`
--
-- Creation: Jul 13, 2009 at 05:30 PM
-- Last update: Jul 13, 2009 at 05:30 PM
--

CREATE TABLE IF NOT EXISTS `page_default_settings` (
`page_id` int(11) NOT NULL default '0',
`page_name` varchar(255) NOT NULL default '',
`default_settings` text,
`lft` tinytext NOT NULL,
`middle` tinytext NOT NULL,
`rght` tinytext NOT NULL,
`is_configurable` binary(1) default '0',
PRIMARY KEY  (`page_id`)
) TYPE=MyISAM;

--
-- Dumping data for table `page_default_settings`
--


-- --------------------------------------------------------

--
-- Table structure for table `page_settings`
--
-- Creation: Jul 13, 2009 at 05:30 PM
-- Last update: Jul 13, 2009 at 05:30 PM
--

CREATE TABLE IF NOT EXISTS `page_settings` (
`assoc_id` int(11) NOT NULL default '0',
`page_id` int(11) NOT NULL default '0',
`settings` text,
`assoc_type` varchar(12) NOT NULL default 'user',
`middle` tinytext NOT NULL,
`rght` tinytext NOT NULL,
KEY `user_page` (`assoc_id`,`page_id`)
) TYPE=MyISAM;

--
-- Dumping data for table `page_settings`
--


-- --------------------------------------------------------

--
-- Table structure for table `page_views`
--
-- Creation: Jul 13, 2009 at 05:30 PM
-- Last update: Jul 13, 2009 at 05:30 PM
--

CREATE TABLE IF NOT EXISTS `page_views` (
`id` int(11) NOT NULL auto_increment,
`type` enum('article','video') NOT NULL,
`title` text,
`url` text NOT NULL,
`view` tinyint(4) NOT NULL,
`time_stamp` int(11) NOT NULL,
PRIMARY KEY  (`id`)
) TYPE=MyISAM AUTO_INCREMENT=1 ;

--
-- Dumping data for table `page_views`
--


-- --------------------------------------------------------

--
-- Table structure for table `pa_forum`
--
-- Creation: Jul 13, 2009 at 05:30 PM
-- Last update: Jul 13, 2009 at 05:30 PM
--

CREATE TABLE IF NOT EXISTS `pa_forum` (
`id` int(11) NOT NULL auto_increment,
`title` varchar(255) default NULL,
`description` text,
`is_active` tinyint(1) NOT NULL default '1',
`category_id` int(11) default NULL,
`sort_order` int(11) default NULL,
`icon` varchar(128) default NULL,
`created_at` datetime default NULL,
`updated_at` datetime default NULL,
PRIMARY KEY  (`id`),
KEY `category_id` (`category_id`)
) TYPE=MyISAM AUTO_INCREMENT=1 ;

--
-- Dumping data for table `pa_forum`
--


-- --------------------------------------------------------

--
-- Table structure for table `pa_forums_users`
--
-- Creation: Jul 13, 2009 at 05:30 PM
-- Last update: Jul 13, 2009 at 05:30 PM
--

CREATE TABLE IF NOT EXISTS `pa_forums_users` (
`user_id` int(11) NOT NULL,
`board_id` int(11) NOT NULL,
`user_status` set('owner','admin','allowed','waiting','limited','banned') NOT NULL default 'allowed',
`is_active` tinyint(1) NOT NULL,
`date_join` date NOT NULL,
KEY `board_id` (`board_id`),
KEY `user_id` (`user_id`)
) TYPE=MyISAM;

--
-- Dumping data for table `pa_forums_users`
--


-- --------------------------------------------------------

--
-- Table structure for table `pa_forum_board`
--
-- Creation: Jul 13, 2009 at 05:30 PM
-- Last update: Jul 13, 2009 at 05:30 PM
--

CREATE TABLE IF NOT EXISTS `pa_forum_board` (
`id` int(11) NOT NULL auto_increment,
`owner_id` int(11) NOT NULL,
`title` varchar(128) NOT NULL,
`description` varchar(256) default NULL,
`type` set('network','group','personal','hidden') default NULL,
`theme` varchar(48) NOT NULL default 'default',
`settings` text,
`is_active` tinyint(1) NOT NULL default '1',
`created_at` date NOT NULL,
`network_id` int(11) NOT NULL,
PRIMARY KEY  (`id`),
KEY `owner_id` (`owner_id`),
KEY `network_id` (`network_id`)
) TYPE=MyISAM AUTO_INCREMENT=1 ;

--
-- Dumping data for table `pa_forum_board`
--


-- --------------------------------------------------------

--
-- Table structure for table `pa_forum_category`
--
-- Creation: Jul 13, 2009 at 05:30 PM
-- Last update: Jul 13, 2009 at 05:30 PM
--

CREATE TABLE IF NOT EXISTS `pa_forum_category` (
`id` int(11) NOT NULL auto_increment,
`name` varchar(255) default NULL,
`board_id` int(11) NOT NULL,
`description` text,
`is_active` tinyint(1) NOT NULL default '1',
`sort_order` int(11) default NULL,
`created_at` datetime default NULL,
`updated_at` datetime default NULL,
PRIMARY KEY  (`id`),
KEY `board_id` (`board_id`)
) TYPE=MyISAM AUTO_INCREMENT=1 ;

--
-- Dumping data for table `pa_forum_category`
--


-- --------------------------------------------------------

--
-- Table structure for table `pa_forum_post`
--
-- Creation: Jul 13, 2009 at 05:30 PM
-- Last update: Jul 13, 2009 at 05:30 PM
--

CREATE TABLE IF NOT EXISTS `pa_forum_post` (
`id` int(11) NOT NULL auto_increment,
`title` varchar(255) default NULL,
`content` text,
`user_id` int(11) default NULL,
`parent_id` int(11) default NULL,
`thread_id` int(11) default NULL,
`is_active` tinyint(1) NOT NULL default '1',
`created_at` datetime default NULL,
`updated_at` datetime default NULL,
`modified_by` varchar(32) default NULL,
PRIMARY KEY  (`id`),
KEY `user_id` (`user_id`),
KEY `parent_id` (`parent_id`),
KEY `thread_id` (`thread_id`),
KEY `created_at` (`created_at`)
) TYPE=MyISAM AUTO_INCREMENT=1 ;

--
-- Dumping data for table `pa_forum_post`
--


-- --------------------------------------------------------

--
-- Table structure for table `pa_forum_thread`
--
-- Creation: Jul 13, 2009 at 05:30 PM
-- Last update: Jul 13, 2009 at 05:30 PM
--

CREATE TABLE IF NOT EXISTS `pa_forum_thread` (
`id` int(11) NOT NULL auto_increment,
`related_content_id` int(11) default NULL,
`title` varchar(255) default NULL,
`content` text,
`status` set('public','private','hidden','locked','sticky') NOT NULL default 'public',
`forum_id` int(11) default NULL,
`user_id` int(11) default NULL,
`viewed` int(11) default NULL,
`is_active` tinyint(1) NOT NULL default '1',
`created_at` datetime default NULL,
`updated_at` datetime default NULL,
`modified_by` varchar(32) default NULL,
PRIMARY KEY  (`id`),
KEY `forum_id` (`forum_id`),
KEY `user_id` (`user_id`)
) TYPE=MyISAM AUTO_INCREMENT=1 ;

--
-- Dumping data for table `pa_forum_thread`
--


-- --------------------------------------------------------

--
-- Table structure for table `personas`
--
-- Creation: Jul 13, 2009 at 05:30 PM
-- Last update: Jul 13, 2009 at 05:30 PM
--

CREATE TABLE IF NOT EXISTS `personas` (
`persona_id` int(10) unsigned NOT NULL auto_increment,
`user_id` int(10) unsigned NOT NULL default '0',
`persona_service_id` int(10) unsigned NOT NULL default '0',
`sequence` int(10) unsigned NOT NULL default '0',
`name` varchar(255) NOT NULL default '',
`configuration` text NOT NULL,
PRIMARY KEY  (`persona_id`),
KEY `persona_service_id` (`persona_service_id`),
KEY `user_id` (`user_id`)
) TYPE=MyISAM AUTO_INCREMENT=1 ;

--
-- Dumping data for table `personas`
--


-- --------------------------------------------------------

--
-- Table structure for table `persona_properties`
--
-- Creation: Jul 13, 2009 at 05:30 PM
-- Last update: Jul 13, 2009 at 05:30 PM
--

CREATE TABLE IF NOT EXISTS `persona_properties` (
`persona_property_id` int(10) unsigned NOT NULL auto_increment,
`parent_id` int(10) unsigned NOT NULL default '0',
`persona_id` int(10) unsigned NOT NULL default '0',
`name` varchar(255) NOT NULL default '',
`content` text NOT NULL,
`content_type` varchar(255) NOT NULL default '',
`content_hash` varchar(255) NOT NULL default '',
`serial_number` int(10) unsigned NOT NULL default '0',
`last_update` datetime NOT NULL default '0000-00-00 00:00:00',
`category` varchar(255) NOT NULL default '',
`viewer` varchar(255) NOT NULL default '',
PRIMARY KEY  (`persona_property_id`),
KEY `key_index` (`name`),
KEY `parent_id` (`parent_id`),
KEY `persona_id` (`persona_id`)
) TYPE=MyISAM AUTO_INCREMENT=1 ;

--
-- Dumping data for table `persona_properties`
--


-- --------------------------------------------------------

--
-- Table structure for table `persona_services`
--
-- Creation: Jul 13, 2009 at 05:30 PM
-- Last update: Jul 13, 2009 at 05:30 PM
--

CREATE TABLE IF NOT EXISTS `persona_services` (
`persona_service_id` int(10) unsigned NOT NULL auto_increment,
`sequence` int(10) unsigned NOT NULL default '0',
`name` varchar(255) NOT NULL default '',
`symbol` varchar(255) NOT NULL default '',
`description` text NOT NULL,
`category` varchar(255) NOT NULL default '',
`logo` varchar(255) NOT NULL default '',
`configuration` text NOT NULL,
`enabled` tinyint(1) NOT NULL default '0',
PRIMARY KEY  (`persona_service_id`)
) TYPE=MyISAM  AUTO_INCREMENT=24 ;

--
-- Dumping data for table `persona_services`
--

INSERT INTO `persona_services` (`persona_service_id`, `sequence`, `name`, `symbol`, `description`, `category`, `logo`, `configuration`, `enabled`) VALUES
(1, 1, 'MySpace', 'MySpace', 'This is the MySpace service.', 'default', '', '{"category": "default", "name": "MySpace", "sequence": 1, "enabled": 1, "persona_service_id": 1, "logo": ""}', 0),
(2, 2, 'Facebook', 'Facebook', 'This is the Facebook service.', 'default', '', '{"category": "default", "name": "Facebook", "sequence": 2, "enabled": 1, "persona_service_id": 2, "logo": ""}', 0),
(3, 3, 'Google', 'Google', 'This is the Google service.', 'default', '', '{"category": "default", "name": "Google", "sequence": 3, "enabled": 1, "persona_service_id": 3, "logo": ""}', 0),
(4, 4, 'YouTube', 'YouTube', 'This is the YouTube service.', 'default', '', '{"category": "default", "name": "YouTube", "sequence": 4, "enabled": 1, "persona_service_id": 4, "logo": ""}', 0),
(5, 5, 'AIM', 'AIM', 'This is the AIM service.', 'default', '', '{"category": "default", "name": "AIM", "sequence": 5, "enabled": 1, "persona_service_id": 5, "logo": ""}', 1),
(6, 6, 'Yahoo', 'Yahoo', 'This is the Yahoo service.', 'default', '', '{"category": "default", "name": "Yahoo", "sequence": 6, "enabled": 1, "persona_service_id": 6, "logo": ""}', 0),
(7, 7, 'Flickr', 'Flickr', 'This is the Flickr service.', 'default', '', '{"category": "default", "name": "Flickr", "sequence": 7, "enabled": 1, "persona_service_id": 7, "logo": ""}', 1),
(8, 8, 'Blip TV', 'BlipTV', 'This is the Blip TV service.', 'default', '', '{"category": "default", "name": "Blip TV", "sequence": 8, "enabled": 1, "persona_service_id": 8, "logo": ""}', 0),
(9, 9, 'LiveJournal', 'LiveJournal', 'This is the LiveJournal service.', 'default', '', '{"category": "default", "name": "LiveJournal", "sequence": 9, "enabled": 1, "persona_service_id": 9, "logo": ""}', 0),
(10, 10, 'VOX', 'VOX', 'This is the VOX service.', 'default', '', '{"category": "default", "name": "VOX", "sequence": 10, "enabled": 1, "persona_service_id": 10, "logo": ""}', 0),
(11, 11, 'Multiply', 'Multiply', 'This is the Multiply service.', 'default', '', '{"category": "default", "name": "Multiply", "sequence": 11, "enabled": 1, "persona_service_id": 11, "logo": ""}', 0),
(12, 12, 'Dabble', 'Dabble', 'This is the Dabble service.', 'default', '', '{"category": "default", "name": "Dabble", "sequence": 12, "enabled": 1, "persona_service_id": 12, "logo": ""}', 0),
(13, 13, 'Del.icio.us', 'Delicious', 'This is the Del.icio.us service.', 'default', '', '{"category": "default", "name": "Del.icio.us", "sequence": 13, "enabled": 1, "persona_service_id": 13, "logo": ""}', 0),
(14, 14, 'Amazon', 'Amazon', 'This is the Amazon service.', 'default', '', '{"category": "default", "name": "Amazon", "sequence": 14, "enabled": 1, "persona_service_id": 14, "logo": ""}', 0),
(15, 15, 'eBay', 'eBay', 'This is the eBay service.', 'default', '', '{"category": "default", "name": "eBay", "sequence": 15, "enabled": 1, "persona_service_id": 15, "logo": ""}', 0),
(16, 16, 'RSS', 'RSS', 'This is the RSS service.', 'default', '', '{"category": "default", "name": "RSS", "sequence": 16, "enabled": 1, "persona_service_id": 16, "logo": ""}', 0),
(17, 17, 'OPML', 'OPML', 'This is the OPML service.', 'default', '', '{"category": "default", "name": "OPML", "sequence": 17, "enabled": 1, "persona_service_id": 17, "logo": ""}', 0),
(18, 18, 'Blogger', 'Blogger', 'This is the Blogger service.', 'default', '', '{"category": "default", "name": "Blogger", "sequence": 18, "enabled": 1, "persona_service_id": 18, "logo": ""}', 0),
(19, 19, 'Meta-Weblog', 'MetaWeblog', 'This is the Meta-Weblog service.', 'default', '', '{"category": "default", "name": "Meta-Weblog", "sequence": 19, "enabled": 1, "persona_service_id": 19, "logo": ""}', 0),
(20, 20, 'Atom', 'Atom', 'This is the Atom service.', 'default', '', '{"category": "default", "name": "Atom", "sequence": 20, "enabled": 1, "persona_service_id": 20, "logo": ""}', 0),
(21, 21, 'XML', 'XML', 'This is the XML service.', 'default', '', '{"category": "default", "name": "XML", "sequence": 21, "enabled": 1, "persona_service_id": 21, "logo": ""}', 0),
(22, 22, 'JSON', 'JSON', 'This is the JSON service.', 'default', '', '{"category": "default", "name": "JSON", "sequence": 22, "enabled": 1, "persona_service_id": 22, "logo": ""}', 0),
(23, 23, 'Text', 'Text', 'This is the Text service.', 'default', '', '{"category": "default", "name": "Text", "sequence": 23, "enabled": 1, "persona_service_id": 23, "logo": ""}', 0);

-- --------------------------------------------------------

--
-- Table structure for table `persona_service_paths`
--
-- Creation: Jul 13, 2009 at 05:30 PM
-- Last update: Jul 13, 2009 at 05:30 PM
--

CREATE TABLE IF NOT EXISTS `persona_service_paths` (
`persona_service_path_id` int(10) unsigned NOT NULL auto_increment,
`persona_service_id` int(10) unsigned NOT NULL default '0',
`name` varchar(255) NOT NULL default '',
`title` varchar(255) NOT NULL default '',
`category` varchar(255) NOT NULL default '',
`configuration` text NOT NULL,
`sequence` int(10) unsigned NOT NULL default '0',
`enabled` tinyint(1) NOT NULL default '0',
PRIMARY KEY  (`persona_service_path_id`),
KEY `persona_service_id` (`persona_service_id`)
) TYPE=MyISAM  AUTO_INCREMENT=37 ;

--
-- Dumping data for table `persona_service_paths`
--

INSERT INTO `persona_service_paths` (`persona_service_path_id`, `persona_service_id`, `name`, `title`, `category`, `configuration`, `sequence`, `enabled`) VALUES
(1, 1, 'MyUploadedVideos', 'My Uploaded Videos', 'video', '{"category": "video", "name": "MyUploadedVideos", "title": "My Uploaded Videos", "url": "http://www.MySpace.com/index.cfm?fuseaction=vids.myvideos", "gui": "button", "sequence": 1, "viewer": "VideoList", "persona_service_id": 1, "persona_service_path_id": 1, "content_type": "json", "path": "Video_MyUploadedVideos", "login": true, "type": "video", "method": "FetchVideoList"}', 1, 0),
(2, 1, 'MyFavoriteVideos', 'My Favorite Videos', 'video', '{"category": "video", "name": "MyFavoriteVideos", "title": "My Favorite Videos", "url": "http://www.MySpace.com/index.cfm?fuseaction=vids.myfavorites", "gui": "button", "sequence": 2, "viewer": "VideoList", "persona_service_id": 1, "persona_service_path_id": 2, "content_type": "json", "path": "Video_MyFavoriteVideos", "login": true, "type": "video", "method": "FetchVideoList"}', 2, 0),
(3, 1, 'MyFriends', 'My Friends', 'user', '{"category": "user", "name": "MyFriends", "title": "My Friends", "url": null, "gui": "button", "sequence": 3, "viewer": "FriendList", "persona_service_id": 1, "persona_service_path_id": 3, "content_type": "json", "path": "User_MyFriends", "login": true, "type": "user", "method": "FetchFriendList"}', 3, 1),
(4, 1, 'SearchVideos', 'Search MySpace Videos', 'video', '{"category": "video", "name": "SearchVideos", "sequence": 4, "url": "http://vidsearch.myspace.com/index.cfm?fuseaction=vids.fullsearch&fullSearch=Search+Video&t=", "gui": "search", "title": "Search MySpace Videos", "viewer": "VideoList", "persona_service_id": 1, "persona_service_path_id": 4, "content_type": "json", "path": "Video_Search", "login": true, "type": "video", "method": "FetchVideoList"}', 4, 0),
(5, 1, 'InboxMessages', 'Inbox', 'message', '{"category": "message", "name": "InboxMessages", "title": "Inbox", "url": null, "gui": "button", "sequence": 5, "viewer": "MessageList", "persona_service_id": 1, "persona_service_path_id": 5, "content_type": "json", "path": "User_Inbox", "login": true, "type": "user", "method": "FetchInbox"}', 5, 0),
(6, 1, 'FriendMessages', 'Friend Requests', 'message', '{"category": "message", "name": "FriendMessages", "title": "Friend Requests", "url": null, "gui": "button", "sequence": 6, "viewer": "MessageList", "persona_service_id": 1, "persona_service_path_id": 6, "content_type": "json", "path": "User_FriendRequests", "login": true, "type": "user", "method": "FetchFriendRequests"}', 6, 0),
(7, 1, 'BlogMessages', 'Blog Comments', 'message', '{"category": "message", "name": "BlogMessages", "title": "Blog Comments", "url": null, "gui": "button", "sequence": 7, "viewer": "MessageList", "persona_service_id": 1, "persona_service_path_id": 7, "content_type": "json", "path": "User_BlogComments", "login": true, "type": "user", "method": "FetchBlogComments"}', 7, 0),
(8, 1, 'PictureMessages', 'Picture Comments', 'message', '{"category": "message", "name": "PictureMessages", "title": "Picture Comments", "url": null, "gui": "button", "sequence": 8, "viewer": "MessageList", "persona_service_id": 1, "persona_service_path_id": 8, "content_type": "json", "path": "User_PictureComments", "login": true, "type": "user", "method": "FetchPictureComments"}', 8, 0),
(9, 1, 'VideoMessages', 'Video Comments', 'message', '{"category": "message", "name": "VideoMessages", "title": "Video Comments", "url": null, "gui": "button", "sequence": 9, "viewer": "MessageList", "persona_service_id": 1, "persona_service_path_id": 9, "content_type": "json", "path": "User_VideoComments", "login": true, "type": "user", "method": "FetchVideoComments"}', 9, 0),
(10, 3, 'MyLiveVideos', 'My Live Videos', 'video', '{"category": "video", "name": "MyLiveVideos", "title": "My Live Videos", "url": "https://upload.video.google.com/Status?f=l&hl=en", "gui": "button", "sequence": 1, "viewer": "VideoList", "persona_service_id": 3, "persona_service_path_id": 10, "content_type": "json", "path": "Video_Live", "login": true, "type": "video", "method": "FetchVideoList"}', 1, 1),
(11, 3, 'Top100Videos', 'Top 100', 'video', '{"category": "video", "name": "Top100Videos", "title": "Top 100", "url": "http://video.google.com/videoranking", "gui": "button", "sequence": 2, "viewer": "VideoList", "persona_service_id": 3, "persona_service_path_id": 11, "content_type": "json", "path": "Video_Top", "login": false, "type": "video", "method": "FetchVideoList"}', 2, 1),
(12, 3, 'ComedyVideos', 'Comedy', 'video', '{"category": "video", "name": "ComedyVideos", "title": "Comedy", "url": "http://video.google.com/videosearch?q=genre:comedy", "gui": "button", "sequence": 3, "viewer": "VideoList", "persona_service_id": 3, "persona_service_path_id": 12, "content_type": "json", "path": "Video_Comedy", "login": false, "type": "video", "method": "FetchVideoList"}', 3, 1),
(13, 3, 'MusicVideos', 'Music Videos', 'video', '{"category": "video", "name": "MusicVideos", "title": "Music Videos", "url": "http://video.google.com/videosearch?q=type:music_video", "gui": "button", "sequence": 4, "viewer": "VideoList", "persona_service_id": 3, "persona_service_path_id": 13, "content_type": "json", "path": "Video_Music", "login": false, "type": "video", "method": "FetchVideoList"}', 4, 1),
(14, 3, 'MovieVidoes', 'Movies', 'video', '{"category": "video", "name": "MovieVidoes", "title": "Movies", "url": "http://video.google.com/movietrailers.html", "gui": "button", "sequence": 5, "viewer": "VideoList", "persona_service_id": 3, "persona_service_path_id": 14, "content_type": "json", "path": "Video_Movies", "login": false, "type": "video", "method": "FetchVideoList"}', 5, 1),
(15, 3, 'SportsVideos', 'Sports', 'video', '{"category": "video", "name": "SportsVideos", "title": "Sports", "url": "http://video.google.com/videosearch?q=type%3Asports%20OR%20genre%3Asports", "gui": "button", "sequence": 6, "viewer": "VideoList", "persona_service_id": 3, "persona_service_path_id": 15, "content_type": "json", "path": "Video_Sports", "login": false, "type": "video", "method": "FetchVideoList"}', 6, 1),
(16, 3, 'AnimationVideos', 'Animation', 'video', '{"category": "video", "name": "AnimationVideos", "title": "Animation", "url": "http://video.google.com/videosearch?q=genre:animation", "gui": "button", "sequence": 7, "viewer": "VideoList", "persona_service_id": 3, "persona_service_path_id": 16, "content_type": "json", "path": "Video_Animation", "login": false, "type": "video", "method": "FetchVideoList"}', 7, 1),
(17, 3, 'TVVideos', 'TV Shows', 'video', '{"category": "video", "name": "TVVideos", "title": "TV Shows", "url": "http://video.google.com/videosearch?q=type%3Atvshow", "gui": "button", "sequence": 8, "viewer": "VideoList", "persona_service_id": 3, "persona_service_path_id": 17, "content_type": "json", "path": "Video_TV", "login": false, "type": "video", "method": "FetchVideoList"}', 8, 1),
(18, 3, 'PicksVideos', 'Google Picks', 'video', '{"category": "video", "name": "PicksVideos", "title": "Google Picks", "url": "http://video.google.com/videosearch?q=type%3Agpick&so=1", "gui": "button", "sequence": 9, "viewer": "VideoList", "persona_service_id": 3, "persona_service_path_id": 18, "content_type": "json", "path": "Video_Picks", "login": false, "type": "video", "method": "FetchVideoList"}', 9, 1),
(19, 3, 'SearchVideos', 'Search Google Videos', 'video', '{"category": "video", "name": "SearchVideos", "title": "Search Google Videos", "url": "http://video.google.com/videosearch?q=", "gui": "search", "sequence": 10, "viewer": "VideoList", "persona_service_id": 3, "persona_service_path_id": 19, "content_type": "json", "path": "Video_Search", "login": true, "type": "video", "method": "FetchVideoList"}', 10, 1),
(20, 4, 'MyVideos', 'My Videos', 'video', '{"category": "video", "name": "MyVideos", "title": "My Videos", "url": "http://www.youtube.com/my_videos", "gui": "button", "sequence": 1, "viewer": "VideoList", "persona_service_id": 4, "persona_service_path_id": 20, "content_type": "json", "path": "Video_MyVideos", "login": true, "type": "video", "method": "FetchVideoList"}', 1, 1),
(21, 4, 'FavoriteVideos', 'My Favorites', 'video', '{"category": "video", "name": "FavoriteVideos", "title": "My Favorites", "url": "http://www.youtube.com/my_favorites", "gui": "button", "sequence": 2, "viewer": "VideoList", "persona_service_id": 4, "persona_service_path_id": 21, "content_type": "json", "path": "Video_Favorites", "login": true, "type": "video", "method": "FetchVideoList"}', 2, 1),
(22, 4, 'SubscriptionVideos', 'My Subscriptions', 'video', '{"category": "video", "name": "SubscriptionVideos", "title": "My Subscriptions", "url": "http://www.youtube.com/subscription_center", "gui": "button", "sequence": 3, "viewer": "VideoList", "persona_service_id": 4, "persona_service_path_id": 22, "content_type": "json", "path": "Video_Subscriptions", "login": true, "type": "video", "method": "FetchVideoList"}', 3, 1),
(23, 4, 'MostRecentVideos', 'Most Recent', 'video', '{"category": "video", "name": "MostRecentVideos", "title": "Most Recent", "url": "http://www.youtube.com/browse?s=mr", "gui": "button", "sequence": 4, "viewer": "VideoList", "persona_service_id": 4, "persona_service_path_id": 23, "content_type": "json", "path": "Video_MostRecent", "login": false, "type": "video", "method": "FetchVideoList"}', 4, 1),
(24, 4, 'MostViewedVideos', 'Most Viewed', 'video', '{"category": "video", "name": "MostViewedVideos", "title": "Most Viewed", "url": "http://www.youtube.com/browse?s=mp", "gui": "button", "sequence": 5, "viewer": "VideoList", "persona_service_id": 4, "persona_service_path_id": 24, "content_type": "json", "path": "Video_MostViewed", "login": false, "type": "video", "method": "FetchVideoList"}', 5, 1),
(25, 4, 'TopRatedVideos', 'Top Rated', 'video', '{"category": "video", "name": "TopRatedVideos", "title": "Top Rated", "url": "http://www.youtube.com/browse?s=tr", "gui": "button", "sequence": 6, "viewer": "VideoList", "persona_service_id": 4, "persona_service_path_id": 25, "content_type": "json", "path": "Video_TopRated", "login": false, "type": "video", "method": "FetchVideoList"}', 6, 1),
(26, 4, 'MostDiscussedVideos', 'Most Discussed', 'video', '{"category": "video", "name": "MostDiscussedVideos", "title": "Most Discussed", "url": "http://www.youtube.com/browse?s=md", "gui": "button", "sequence": 7, "viewer": "VideoList", "persona_service_id": 4, "persona_service_path_id": 26, "content_type": "json", "path": "Video_MostDiscussed", "login": false, "type": "video", "method": "FetchVideoList"}', 7, 1),
(27, 4, 'TopFavoriteVideos', 'Top Favorites', 'video', '{"category": "video", "name": "TopFavoriteVideos", "title": "Top Favorites", "url": "http://www.youtube.com/browse?s=mf", "gui": "button", "sequence": 8, "viewer": "VideoList", "persona_service_id": 4, "persona_service_path_id": 27, "content_type": "json", "path": "Video_TopFavorites", "login": false, "type": "video", "method": "FetchVideoList"}', 8, 1),
(28, 4, 'MostLinkedVideos', 'Most Linked', 'video', '{"category": "video", "name": "MostLinkedVideos", "title": "Most Linked", "url": "http://www.youtube.com/browse?s=mrd", "gui": "button", "sequence": 9, "viewer": "VideoList", "persona_service_id": 4, "persona_service_path_id": 28, "content_type": "json", "path": "Video_MostLinked", "login": false, "type": "video", "method": "FetchVideoList"}', 9, 1),
(29, 4, 'RecentlyFeaturedVideos', 'Recently Featured', 'video', '{"category": "video", "name": "RecentlyFeaturedVideos", "title": "Recently Featured", "url": "http://www.youtube.com/browse?s=rf", "gui": "button", "sequence": 10, "viewer": "VideoList", "persona_service_id": 4, "persona_service_path_id": 29, "content_type": "json", "path": "Video_RecentlyFeatured", "login": false, "type": "video", "method": "FetchVideoList"}', 10, 1),
(30, 4, 'SearchVideos', 'Search YouTube Videos', 'video', '{"category": "video", "name": "SearchVideos", "sequence": 11, "url": "http://www.youtube.com/results?search=Search&search_query=", "gui": "search", "title": "Search YouTube Videos", "viewer": "VideoList", "persona_service_id": 4, "persona_service_path_id": 30, "content_type": "json", "path": "Video_Search", "login": true, "type": "video", "method": "FetchVideoList"}', 11, 1),
(31, 2, 'Profile', 'My Profile', 'user', '{"category": "user", "name": "Profile", "sequence": 1, "url": "", "gui": "button", "title": "My Profile", "viewer": "Profile", "persona_service_id": 2, "persona_service_path_id": 31, "content_type": "json", "path": "User_Profile", "login": true, "type": "profile", "method": "FetchUserProfile"}', 1, 1),
(32, 2, 'Friends', 'My Friends', 'friends', '{"category": "user", "name": "Friends", "sequence": 2, "url": "", "gui": "button", "title": "My Friends", "viewer": "Friends", "persona_service_id": 2, "persona_service_path_id": 32, "content_type": "json", "path": "User_Friends", "login": true, "type": "friends", "method": "FetchFriends"}', 2, 1),
(33, 2, 'Messages', 'My Messages', 'messages', '{"category": "messages", "name": "Messages", "sequence": 3, "url": "", "gui": "button", "title": "My Messages", "viewer": "Messages", "persona_service_id": 2, "persona_service_path_id": 33, "content_type": "json", "path": "User_Messages", "login": true, "type": "messages", "method": "FetchMessages"}', 3, 1),
(36, 7, 'Friends', 'My Friends', 'friends', '{"category": "user", "name": "Friends", "sequence": 2, "url": "", "gui": "button", "title": "My Friends", "viewer": "Friends", "persona_service_id": 7, "persona_service_path_id": 36, "content_type": "json", "path": "User_Friends", "login": true, "type": "friends", "method": "FetchFriends"}', 3, 1),
(34, 7, 'UserProfile', 'My Profile', 'user', '{"category": "user", "name": "MyProfile", "sequence": 1, "url": "", "gui": "button", "title": "My Profile", "viewer": "Profile", "persona_service_id": 2, "persona_service_path_id": 34, "content_type": "json", "path": "User_Profile", "login": true, "type": "profile", "method": "FetchUserProfile"}', 1, 1),
(35, 7, 'MyPictures', 'My Pictures', 'pictures', '{"category": "pictures", "name": "MyPictures", "sequence": 1, "url": "", "gui": "button", "title": "My Pictures", "viewer": "Pictures", "persona_service_id": 2, "persona_service_path_id": 35, "content_type": "json", "path": "MyPictures", "login": true, "type": "pictures", "method": "FetchUserPictures"}', 2, 1);

-- --------------------------------------------------------

--
-- Table structure for table `polls`
--
-- Creation: Jul 13, 2009 at 05:30 PM
-- Last update: Jul 13, 2009 at 05:30 PM
--

CREATE TABLE IF NOT EXISTS `polls` (
`poll_id` int(11) NOT NULL auto_increment,
`content_id` int(11) NOT NULL default '0',
`title` varchar(255) NOT NULL default '',
`user_id` int(11) NOT NULL default '0',
`group_id` int(11) NOT NULL default '0',
`options` longtext,
`created` int(11) NOT NULL default '0',
`changed` int(11) NOT NULL default '0',
`is_active` int(11) NOT NULL default '0',
PRIMARY KEY  (`poll_id`)
) TYPE=MyISAM AUTO_INCREMENT=1 ;

--
-- Dumping data for table `polls`
--


-- --------------------------------------------------------

--
-- Table structure for table `poll_vote`
--
-- Creation: Jul 13, 2009 at 05:30 PM
-- Last update: Jul 13, 2009 at 05:30 PM
--

CREATE TABLE IF NOT EXISTS `poll_vote` (
`vote_id` int(11) NOT NULL auto_increment,
`poll_id` int(11) NOT NULL default '0',
`user_id` int(11) NOT NULL default '0',
`vote` longtext,
`is_active` int(11) NOT NULL default '0',
PRIMARY KEY  (`vote_id`)
) TYPE=MyISAM AUTO_INCREMENT=1 ;

--
-- Dumping data for table `poll_vote`
--


-- --------------------------------------------------------

--
-- Table structure for table `private_messages`
--
-- Creation: Jul 13, 2009 at 05:30 PM
-- Last update: Jul 13, 2009 at 05:33 PM
--

CREATE TABLE IF NOT EXISTS `private_messages` (
`message_id` int(11) NOT NULL default '0',
`sender_id` int(11) NOT NULL default '0',
`all_recipients` text NOT NULL,
`subject` varchar(255) NOT NULL default '',
`body` longtext,
`sent_time` int(11) NOT NULL default '0',
`size` int(2) NOT NULL default '0',
`in_reply_to` int(11) NOT NULL default '0',
`conversation_id` int(11) NOT NULL default '0',
PRIMARY KEY  (`message_id`),
KEY `sender_when` (`sender_id`,`sent_time`),
KEY `threading` (`message_id`,`in_reply_to`),
KEY `conversations` (`conversation_id`)
) TYPE=MyISAM;

--
-- Dumping data for table `private_messages`
--

-- --------------------------------------------------------

--
-- Table structure for table `rating`
--
-- Creation: Jul 13, 2009 at 05:30 PM
-- Last update: Jul 13, 2009 at 05:30 PM
--

CREATE TABLE IF NOT EXISTS `rating` (
`index_id` int(11) NOT NULL auto_increment,
`rating_type` enum('user','content','collection','tag','comment','network','celebrity','radio1_channel') NOT NULL default 'content',
`type_id` int(11) NOT NULL default '0',
`attribute_id` smallint(3) NOT NULL default '-1',
`rating` mediumint(5) NOT NULL default '0',
`max_rating` mediumint(5) NOT NULL default '0',
`user_id` int(11) NOT NULL default '0',
PRIMARY KEY  (`index_id`)
) TYPE=MyISAM AUTO_INCREMENT=1 ;

--
-- Dumping data for table `rating`
--


-- --------------------------------------------------------

--
-- Table structure for table `recent_media_track`
--
-- Creation: Jul 13, 2009 at 05:30 PM
-- Last update: Jul 13, 2009 at 05:30 PM
--

CREATE TABLE IF NOT EXISTS `recent_media_track` (
`id` int(11) NOT NULL auto_increment,
`cid` int(11) default NULL,
`type` int(1) default NULL,
`created` int(11) default NULL,
PRIMARY KEY  (`id`),
KEY `cid` (`cid`)
) TYPE=MyISAM AUTO_INCREMENT=1 ;

--
-- Dumping data for table `recent_media_track`
--


-- --------------------------------------------------------

--
-- Table structure for table `relations`
--
-- Creation: Jul 13, 2009 at 05:30 PM
-- Last update: Jul 13, 2009 at 05:30 PM
--

CREATE TABLE IF NOT EXISTS `relations` (
`user_id` int(11) NOT NULL,
`relation_id` int(11) NOT NULL,
`relationship_type` int(2) NOT NULL,
`network` varchar(255) default NULL,
`network_uid` varchar(255) default NULL,
`display_name` varchar(255) default NULL,
`thumbnail_url` tinytext,
`profile_url` tinytext,
`in_family` int(2) default NULL,
`status` enum('denied','pending','approved') NOT NULL default 'approved',
KEY `user_rel` (`user_id`,`relation_id`),
KEY `network_uid` (`network_uid`)
) TYPE=MyISAM;

--
-- Dumping data for table `relations`
--


-- --------------------------------------------------------

--
-- Table structure for table `relation_classifications`
--
-- Creation: Jul 13, 2009 at 05:30 PM
-- Last update: Jul 13, 2009 at 05:30 PM
--

CREATE TABLE IF NOT EXISTS `relation_classifications` (
`relation_type` varchar(25) NOT NULL default '',
`relation_type_id` int(2) NOT NULL default '0',
KEY `relation_type_id` (`relation_type_id`),
KEY `relation_type` (`relation_type`)
) TYPE=MyISAM;

--
-- Dumping data for table `relation_classifications`
--

INSERT INTO `relation_classifications` (`relation_type`, `relation_type_id`) VALUES
('acquaintance', 1),
('relation', 2),
('good relation', 3),
('best relation', 4),
('havent met', 5);

-- --------------------------------------------------------

--
-- Table structure for table `report_abuse`
--
-- Creation: Jul 13, 2009 at 05:30 PM
-- Last update: Jul 13, 2009 at 05:30 PM
--

CREATE TABLE IF NOT EXISTS `report_abuse` (
`report_id` int(11) NOT NULL auto_increment,
`parent_type` varchar(100) default NULL,
`parent_id` int(11) NOT NULL,
`reporter_id` int(11) default NULL,
`body` text,
`created` int(11) NOT NULL,
PRIMARY KEY  (`report_id`)
) TYPE=MyISAM AUTO_INCREMENT=1 ;

--
-- Dumping data for table `report_abuse`
--


-- --------------------------------------------------------

--
-- Table structure for table `reviews`
--
-- Creation: Jul 13, 2009 at 05:30 PM
-- Last update: Jul 13, 2009 at 05:30 PM
--

CREATE TABLE IF NOT EXISTS `reviews` (
`review_id` int(11) NOT NULL auto_increment,
`is_active` tinyint(1) NOT NULL default '1',
`subject_type` varchar(32) NOT NULL,
`subject_id` int(11) NOT NULL,
`author_id` int(11) NOT NULL,
`title` varchar(255) default NULL,
`body` text NOT NULL,
`created` datetime NOT NULL,
`updated` datetime NOT NULL,
PRIMARY KEY  (`review_id`),
KEY `by_subject` (`is_active`,`subject_type`,`subject_id`),
KEY `by_freshness` (`is_active`,`subject_type`,`created`)
) TYPE=MyISAM AUTO_INCREMENT=1 ;

--
-- Dumping data for table `reviews`
--


-- --------------------------------------------------------

--
-- Table structure for table `roles`
--
-- Creation: Jul 13, 2009 at 05:30 PM
-- Last update: Jul 13, 2009 at 05:30 PM
--

CREATE TABLE IF NOT EXISTS `roles` (
`id` int(11) NOT NULL auto_increment,
`name` varchar(100) default NULL,
`description` tinytext,
`created` int(11) default NULL,
`changed` int(11) default NULL,
`read_only` tinyint(1) NOT NULL default '0',
`type` set('user','network','group') NOT NULL default 'network',
PRIMARY KEY  (`id`)
) TYPE=MyISAM  AUTO_INCREMENT=9 ;

--
-- Dumping data for table `roles`
--

INSERT INTO `roles` (`id`, `name`, `description`, `created`, `changed`, `read_only`, `type`) VALUES
(1, 'Administrator', 'Administrator permissions', 1247098333, 1247098333, 1, 'network'),
(2, 'Login User', 'Ordinary logged in users permissions', 1247098333, 1247098333, 1, 'network'),
(3, 'Anonymous', 'Anonymous users permissions', 1247098333, 1247098333, 1, 'network'),
(4, 'Group Administrator', 'User can manage Group settings, members and contents', 1247098334, 1247098334, 1, 'group'),
(5, 'Group Moderator', 'The user has the same permissions as well as the Group Admin but can not assign Roles to other users', 1247098334, 1247098334, 1, 'group'),
(6, 'Group Member', 'User can create Events and post to the Group, Forum and their Personal Blog', 1247098334, 1247098334, 1, 'group'),
(7, 'Ad Manager', 'User can manage Network Ads and Group specific Ads', 1247098335, 1247098335, 1, 'network'),
(8, 'Group Ad Manager', 'Group Member can manage Ads for this specific Group', 1247098335, 1247098335, 1, 'group');

-- --------------------------------------------------------

--
-- Table structure for table `routing_destination_types`
--
-- Creation: Jul 13, 2009 at 05:30 PM
-- Last update: Jul 13, 2009 at 05:30 PM
--

CREATE TABLE IF NOT EXISTS `routing_destination_types` (
`destination_id` int(11) NOT NULL auto_increment,
`destination_name` varchar(255) NOT NULL default '',
PRIMARY KEY  (`destination_id`)
) TYPE=MyISAM  AUTO_INCREMENT=4 ;

--
-- Dumping data for table `routing_destination_types`
--

INSERT INTO `routing_destination_types` (`destination_id`, `destination_name`) VALUES
(1, 'WordPress'),
(2, 'BlogSpot'),
(3, 'MovableType');

-- --------------------------------------------------------

--
-- Table structure for table `sbmicrocontent_types`
--
-- Creation: Jul 13, 2009 at 05:30 PM
-- Last update: Jul 13, 2009 at 05:30 PM
--

CREATE TABLE IF NOT EXISTS `sbmicrocontent_types` (
`sbtype_id` int(11) NOT NULL auto_increment,
`name` varchar(100) NOT NULL default '',
`description` varchar(250) NOT NULL default '',
`titlefield` varchar(250) default NULL,
PRIMARY KEY  (`sbtype_id`)
) TYPE=MyISAM  AUTO_INCREMENT=23 ;

--
-- Dumping data for table `sbmicrocontent_types`
--

INSERT INTO `sbmicrocontent_types` (`sbtype_id`, `name`, `description`, `titlefield`) VALUES
(1, 'event/generic', 'event/generic', '/event/name'),
(2, 'event/concert', 'event/concert', '/event/name'),
(3, 'event/conference', 'event/conference', '/event/name'),
(4, 'media/audio', 'media/audio', '/media/@title'),
(5, 'media/image', 'media/image', '/media/@title'),
(6, 'media/video', 'media/video', '/media/@title'),
(7, 'review/album', 'review/album', '/review/subject/@name'),
(8, 'review/article', 'review/article', '/review/subject/@title'),
(9, 'review/book', 'review/book', '/review/subject/@name'),
(11, 'review/club', 'review/club', '/review/subject/@name'),
(12, 'review/event', 'review/event', '/review/@name'),
(13, 'review/hotel', 'review/hotel', '/review/subject/@name'),
(14, 'review/localservice', 'review/localservice', '/review/subject/@name'),
(15, 'review/magazine', 'review/magazine', '/review/subject/@name'),
(16, 'review/movie', 'review/movie', '/review/subject/@name'),
(17, 'review/restaurant', 'review/restaurant', '/review/subject/@name'),
(18, 'review/software', 'review/software', '/review/subject/@name'),
(19, 'review/song', 'review/song', '/review/subject/@name'),
(20, 'review/website', 'review/website', '/review/subject/@name'),
(21, 'showcase/group', 'showcase/group', '/group/@name'),
(22, 'showcase/person', 'showcase/person', '/showcase/@firstname');

-- --------------------------------------------------------

--
-- Table structure for table `site_ranking_parameters`
--
-- Creation: Jul 13, 2009 at 05:30 PM
-- Last update: Jul 13, 2009 at 05:30 PM
--

CREATE TABLE IF NOT EXISTS `site_ranking_parameters` (
`id` int(11) NOT NULL auto_increment,
`name` varchar(50) NOT NULL,
`description` text NOT NULL,
`point` int(11) NOT NULL,
PRIMARY KEY  (`id`)
) TYPE=MyISAM  AUTO_INCREMENT=7 ;

--
-- Dumping data for table `site_ranking_parameters`
--

INSERT INTO `site_ranking_parameters` (`id`, `name`, `description`, `point`) VALUES
(1, 'Uploading a Picture', 'Points will be give to user who has uploaded his picture. ', 1),
(2, 'Profile Views', 'Whenever user provile is viewed by anyone he get points.', 1),
(3, 'Number of friends in buddy list', 'More number of friends a user have, more points he get.', 1),
(4, 'Albums Uploaded', 'More images a user upload, more points he get.', 1),
(5, 'Number of group created by user', 'More group a user create, more points he get.', 1),
(6, 'Number of hour spent by user on the site', 'More time a user spent on the site, more points he get.', 1);

-- --------------------------------------------------------

--
-- Table structure for table `spam_domains`
--
-- Creation: Jul 13, 2009 at 05:30 PM
-- Last update: Jul 13, 2009 at 05:30 PM
--

CREATE TABLE IF NOT EXISTS `spam_domains` (
`id` int(11) NOT NULL auto_increment,
`domain` varchar(255) NOT NULL,
`count` int(11) NOT NULL,
`blacklisted` int(11) NOT NULL default '0',
`whitelisted` int(11) NOT NULL default '0',
`active_count` int(11) NOT NULL,
PRIMARY KEY  (`id`),
UNIQUE KEY `domain` (`domain`),
KEY `blacklisted` (`blacklisted`)
) TYPE=MyISAM AUTO_INCREMENT=1 ;

--
-- Dumping data for table `spam_domains`
--


-- --------------------------------------------------------

--
-- Table structure for table `spam_terms`
--
-- Creation: Jul 13, 2009 at 05:30 PM
-- Last update: Jul 13, 2009 at 05:30 PM
--

CREATE TABLE IF NOT EXISTS `spam_terms` (
`id` int(11) NOT NULL auto_increment,
`term` varchar(255) NOT NULL,
`frequency` int(11) NOT NULL default '0',
`blacklist` tinyint(1) default '1',
PRIMARY KEY  (`id`),
KEY `by_word` (`term`),
KEY `by_freq` (`blacklist`,`frequency`,`term`),
KEY `bad_words` (`blacklist`,`term`),
KEY `term` (`term`)
) TYPE=MyISAM AUTO_INCREMENT=1 ;

--
-- Dumping data for table `spam_terms`
--


-- --------------------------------------------------------

--
-- Table structure for table `static_pages`
--
-- Creation: Jul 13, 2009 at 05:30 PM
-- Last update: Jul 13, 2009 at 05:30 PM
--

CREATE TABLE IF NOT EXISTS `static_pages` (
`id` int(11) NOT NULL auto_increment,
`caption` varchar(255) default NULL,
`url` varchar(255) default NULL,
`page_text` text,
PRIMARY KEY  (`id`)
) TYPE=MyISAM AUTO_INCREMENT=1 ;

--
-- Dumping data for table `static_pages`
--


-- --------------------------------------------------------

--
-- Table structure for table `supergroup_data`
--
-- Creation: Jul 13, 2009 at 05:30 PM
-- Last update: Jul 13, 2009 at 05:30 PM
--

CREATE TABLE IF NOT EXISTS `supergroup_data` (
`group_id` int(11) NOT NULL,
`field_name` varchar(255) NOT NULL,
`field_value` text,
`setting` enum('ecommerce','mailing_list','playlist','showcasing') NOT NULL,
`seq` int(11) default '0'
) TYPE=MyISAM;

--
-- Dumping data for table `supergroup_data`
--


-- --------------------------------------------------------

--
-- Table structure for table `supergroup_settings`
--
-- Creation: Jul 13, 2009 at 05:30 PM
-- Last update: Jul 13, 2009 at 05:30 PM
--

CREATE TABLE IF NOT EXISTS `supergroup_settings` (
`group_id` int(11) NOT NULL,
`ecommerce` binary(1) NOT NULL default '0',
`mailing_list` binary(1) NOT NULL default '0',
`playlist` binary(1) NOT NULL default '0',
`showcasing` binary(1) NOT NULL default '0',
`image` varchar(255) default NULL,
`flash_script` text,
PRIMARY KEY  (`group_id`)
) TYPE=MyISAM;

--
-- Dumping data for table `supergroup_settings`
--


-- --------------------------------------------------------

--
-- Table structure for table `svn_meta`
--
-- Creation: Jul 13, 2009 at 05:30 PM
-- Last update: Jul 13, 2009 at 05:30 PM
--

CREATE TABLE IF NOT EXISTS `svn_meta` (
`revision` int(11) NOT NULL,
`repos_root` text NOT NULL,
`repos_path` text NOT NULL,
KEY `revision` (`revision`)
) TYPE=MyISAM;

--
-- Dumping data for table `svn_meta`
--


-- --------------------------------------------------------

--
-- Table structure for table `svn_objects`
--
-- Creation: Jul 13, 2009 at 05:30 PM
-- Last update: Jul 13, 2009 at 05:30 PM
--

CREATE TABLE IF NOT EXISTS `svn_objects` (
`path` varchar(255) NOT NULL,
`kind` varchar(32) NOT NULL,
`hash` varchar(32) default NULL,
`revision` int(11) NOT NULL,
`is_active` tinyint(1) NOT NULL default '1',
`held_revision` int(11) default NULL,
PRIMARY KEY  (`is_active`,`path`,`revision`),
UNIQUE KEY `revision` (`revision`,`path`)
) TYPE=MyISAM;

--
-- Dumping data for table `svn_objects`
--


-- --------------------------------------------------------

--
-- Table structure for table `tags`
--
-- Creation: Jul 13, 2009 at 05:30 PM
-- Last update: Jul 13, 2009 at 05:30 PM
--

CREATE TABLE IF NOT EXISTS `tags` (
`tag_id` int(11) NOT NULL auto_increment,
`tag_name` varchar(255) NOT NULL default '',
PRIMARY KEY  (`tag_id`),
UNIQUE KEY `tag_name` (`tag_name`)
) TYPE=MyISAM AUTO_INCREMENT=1 ;

--
-- Dumping data for table `tags`
--


-- --------------------------------------------------------

--
-- Table structure for table `tags_contentcollections`
--
-- Creation: Jul 13, 2009 at 05:30 PM
-- Last update: Jul 13, 2009 at 05:30 PM
--

CREATE TABLE IF NOT EXISTS `tags_contentcollections` (
`tag_id` int(11) NOT NULL default '0',
`collection_id` int(11) NOT NULL default '0',
KEY `contentcollection_to_tag` (`collection_id`,`tag_id`),
KEY `tag_to_contentcollection` (`tag_id`,`collection_id`)
) TYPE=MyISAM;

--
-- Dumping data for table `tags_contentcollections`
--


-- --------------------------------------------------------

--
-- Table structure for table `tags_contents`
--
-- Creation: Jul 13, 2009 at 05:30 PM
-- Last update: Jul 13, 2009 at 05:30 PM
--

CREATE TABLE IF NOT EXISTS `tags_contents` (
`tag_id` int(11) NOT NULL default '0',
`content_id` int(11) NOT NULL default '0',
KEY `tag_to_content` (`tag_id`,`content_id`),
KEY `content_to_tags` (`content_id`,`tag_id`)
) TYPE=MyISAM;

--
-- Dumping data for table `tags_contents`
--


-- --------------------------------------------------------

--
-- Table structure for table `tags_item`
--
-- Creation: Jul 13, 2009 at 05:30 PM
-- Last update: Jul 13, 2009 at 05:30 PM
--

CREATE TABLE IF NOT EXISTS `tags_item` (
`tag_id` int(11) NOT NULL,
`item_id` int(11) NOT NULL
) TYPE=MyISAM;

--
-- Dumping data for table `tags_item`
--


-- --------------------------------------------------------

--
-- Table structure for table `tags_networks`
--
-- Creation: Jul 13, 2009 at 05:30 PM
-- Last update: Jul 13, 2009 at 05:30 PM
--

CREATE TABLE IF NOT EXISTS `tags_networks` (
`tag_id` int(11) NOT NULL default '0',
`network_id` int(11) NOT NULL default '0',
KEY `network_to_tag` (`network_id`,`tag_id`),
KEY `tag_to_network` (`tag_id`,`network_id`)
) TYPE=MyISAM;

--
-- Dumping data for table `tags_networks`
--


-- --------------------------------------------------------

--
-- Table structure for table `tags_users`
--
-- Creation: Jul 13, 2009 at 05:30 PM
-- Last update: Jul 13, 2009 at 05:30 PM
--

CREATE TABLE IF NOT EXISTS `tags_users` (
`tag_id` int(11) NOT NULL default '0',
`user_id` int(11) NOT NULL default '0',
KEY `tag_to_user` (`tag_id`,`user_id`),
KEY `user_to_tag` (`user_id`,`tag_id`)
) TYPE=MyISAM;

--
-- Dumping data for table `tags_users`
--


-- --------------------------------------------------------

--
-- Table structure for table `tasks`
--
-- Creation: Jul 13, 2009 at 05:30 PM
-- Last update: Jul 13, 2009 at 05:30 PM
--

CREATE TABLE IF NOT EXISTS `tasks` (
`id` int(11) NOT NULL auto_increment,
`name` varchar(255) NOT NULL,
`description` tinytext,
`task_value` varchar(255) NOT NULL,
PRIMARY KEY  (`id`)
) TYPE=MyISAM  AUTO_INCREMENT=32 ;

--
-- Dumping data for table `tasks`
--

INSERT INTO `tasks` (`id`, `name`, `description`, `task_value`) VALUES
(1, 'Manage Network Settings', 'Manage settings of your network.', 'manage_settings'),
(2, 'Manage Meta Networks', 'Manage meta network controls here.', 'meta_networks'),
(3, 'Manage Ads', 'Manage Ads which will appear on the pages of networks.', 'manage_ads'),
(4, 'Manage Notifications', 'Email and personal message box notifications.', 'notifications'),
(5, 'Manage Links', 'Manage the links of the network the user will get at the time of registration.', 'manage_links'),
(6, 'Manage content', 'Manage you content, comments, forums.', 'manage_content'),
(7, 'Configure User defaults', 'Manage the default settings that user wil get.', 'user_defaults'),
(8, 'Configure Themes', 'Manage themes and customize them.', 'manage_themes'),
(9, 'Manage Events', 'Create events and manage them.', 'manage_events'),
(10, 'Post to Community', 'Post content to community blog', 'post_to_community'),
(11, 'Create Super Groups', 'This task will allow the users having the assigned roles to create super groups', 'super_groups'),
(12, 'Post to Forum', 'User can post to Forum', 'post_to_forum'),
(13, 'Send Messages', 'User can send Private Messages', 'send_messages'),
(14, 'Post Blog Comments', 'User can post Blog comments', 'post_comments'),
(15, 'Upload Images', 'User can upload Images to Gallery', 'upload_images'),
(16, 'Upload Videos', 'User can upload Videos to Gallery', 'upload_videos'),
(17, 'Manage Members', 'User can manage members', 'manage_members'),
(18, 'Manage Media', 'User can manage Media contents', 'manage_media'),
(19, 'Manage Announcements', 'User can manage Announcements', 'manage_announcements'),
(20, 'Create Groups', 'User can create Groups', 'create_groups'),
(21, 'Manage Groups', 'User can manage Groups', 'manage_groups'),
(22, 'View Contents', 'User can view contents', 'view_content'),
(23, 'Edit Contents', 'User can edit contents', 'edit_content'),
(24, 'View Splash Pages', 'User can view Splash pages', 'view_splash_pages'),
(25, 'Manage Roles', 'User can manage User Roles', 'manage_roles'),
(26, 'Manage Textpads', 'User can manage Textpads', 'manage_textpads'),
(27, 'Delete Network', 'User can delete Network', 'delete_network'),
(28, 'Delete Group', 'User can Delete Group', 'delete_group'),
(29, 'Create Networks', 'User can create Networks', 'create_networks'),
(30, 'Post to Group Blog', 'User can Post to Group Blog', 'post_to_group'),
(31, 'Post to Personal Blog', 'User can Post to Personal Blog', 'post_to_user_blog');

-- --------------------------------------------------------

--
-- Table structure for table `tasks_roles`
--
-- Creation: Jul 13, 2009 at 05:30 PM
-- Last update: Jul 13, 2009 at 05:30 PM
--

CREATE TABLE IF NOT EXISTS `tasks_roles` (
`id` int(11) NOT NULL auto_increment,
`task_id` int(11) NOT NULL,
`role_id` int(11) NOT NULL,
PRIMARY KEY  (`id`)
) TYPE=MyISAM  AUTO_INCREMENT=93 ;

--
-- Dumping data for table `tasks_roles`
--

INSERT INTO `tasks_roles` (`id`, `task_id`, `role_id`) VALUES
(1, 1, 1),
(2, 2, 1),
(3, 3, 1),
(4, 4, 1),
(5, 5, 1),
(6, 6, 1),
(7, 7, 1),
(8, 8, 1),
(9, 9, 1),
(10, 10, 1),
(11, 11, 1),
(12, 12, 1),
(13, 13, 1),
(14, 14, 1),
(15, 15, 1),
(16, 16, 1),
(17, 17, 1),
(18, 18, 1),
(19, 19, 1),
(20, 20, 1),
(21, 21, 1),
(22, 22, 1),
(23, 23, 1),
(24, 24, 1),
(25, 25, 1),
(26, 26, 1),
(27, 27, 1),
(28, 28, 1),
(29, 29, 1),
(30, 30, 1),
(31, 31, 1),
(32, 10, 2),
(33, 12, 2),
(34, 13, 2),
(35, 14, 2),
(36, 15, 2),
(37, 16, 2),
(38, 20, 2),
(39, 22, 2),
(40, 24, 2),
(41, 29, 2),
(42, 31, 2),
(43, 22, 3),
(44, 24, 3),
(45, 6, 4),
(46, 9, 4),
(47, 10, 4),
(48, 12, 4),
(49, 13, 4),
(50, 14, 4),
(51, 15, 4),
(52, 16, 4),
(53, 17, 4),
(54, 18, 4),
(55, 19, 4),
(56, 21, 4),
(57, 22, 4),
(58, 23, 4),
(59, 24, 4),
(60, 25, 4),
(61, 26, 4),
(62, 30, 4),
(63, 31, 4),
(64, 6, 5),
(65, 9, 5),
(66, 10, 5),
(67, 12, 5),
(68, 13, 5),
(69, 14, 5),
(70, 15, 5),
(71, 16, 5),
(72, 18, 5),
(73, 19, 5),
(74, 21, 5),
(75, 22, 5),
(76, 23, 5),
(77, 24, 5),
(78, 26, 5),
(79, 30, 5),
(80, 31, 5),
(81, 9, 6),
(82, 10, 6),
(83, 12, 6),
(84, 13, 6),
(85, 14, 6),
(86, 22, 6),
(87, 30, 6),
(88, 31, 6),
(89, 15, 6),
(90, 16, 6),
(91, 3, 7),
(92, 3, 8);

-- --------------------------------------------------------

--
-- Table structure for table `testimonials`
--
-- Creation: Jul 13, 2009 at 05:30 PM
-- Last update: Jul 13, 2009 at 05:30 PM
--

CREATE TABLE IF NOT EXISTS `testimonials` (
`testimonial_id` int(11) NOT NULL auto_increment,
`sender_id` int(11) NOT NULL,
`recipient_id` int(11) NOT NULL,
`body` text NOT NULL,
`status` varchar(50) default NULL,
`is_active` tinyint(1) default NULL,
`created` int(11) NOT NULL,
`changed` int(11) NOT NULL,
PRIMARY KEY  (`testimonial_id`)
) TYPE=MyISAM AUTO_INCREMENT=1 ;

--
-- Dumping data for table `testimonials`
--


-- --------------------------------------------------------

--
-- Table structure for table `trackback_contents`
--
-- Creation: Jul 13, 2009 at 05:30 PM
-- Last update: Jul 13, 2009 at 05:30 PM
--

CREATE TABLE IF NOT EXISTS `trackback_contents` (
`index` int(11) NOT NULL auto_increment,
`trackback` text NOT NULL,
`content_id` int(11) NOT NULL default '0',
`title` varchar(255) NOT NULL default '',
`excerpt` text,
PRIMARY KEY  (`index`),
KEY `trackbacks_for_content` (`content_id`)
) TYPE=MyISAM AUTO_INCREMENT=1 ;

--
-- Dumping data for table `trackback_contents`
--


-- --------------------------------------------------------

--
-- Table structure for table `users`
--
-- Creation: Jul 13, 2009 at 05:30 PM
-- Last update: Jul 13, 2009 at 05:33 PM
--

CREATE TABLE IF NOT EXISTS `users` (
`user_id` int(11) NOT NULL default '0',
`login_name` varchar(50) NOT NULL default '',
`password` varchar(255) NOT NULL default '',
`first_name` varchar(100) NOT NULL default '',
`last_name` varchar(100) default NULL,
`email` varchar(255) NOT NULL default '',
`is_active` tinyint(1) NOT NULL default '0',
`picture` varchar(255) default NULL,
`created` int(11) NOT NULL default '0',
`changed` int(11) NOT NULL default '0',
`last_login` int(11) default NULL,
`zipcode` int(11) default NULL,
UNIQUE KEY `login_name` (`login_name`),
KEY `user_id` (`user_id`),
KEY `count_active` (`is_active`),
KEY `email` (`email`)
) TYPE=MyISAM;

-- --------------------------------------------------------

--
-- Table structure for table `users_online`
--

-- Creation: Jul 13, 2009 at 05:30 PM
-- Last update: Jul 13, 2009 at 05:33 PM
--


CREATE TABLE IF NOT EXISTS `users_online` (
`user_id` int(11) default NULL,
`timestamp` int(11) default NULL,
UNIQUE KEY `user_id` (`user_id`),
KEY `login_order` (`timestamp`),
KEY `timestamp` (`timestamp`)
) TYPE=MyISAM;

--
-- Dumping data for table `users_online`
--

-- --------------------------------------------------------

--
-- Table structure for table `users_roles`
--
-- Creation: Jul 13, 2009 at 05:30 PM
-- Last update: Jul 13, 2009 at 05:33 PM
--


CREATE TABLE IF NOT EXISTS `users_roles` (
`user_id` int(11) NOT NULL,
`role_id` int(2) NOT NULL default '-1',
`extra` varchar(8048) NOT NULL default 'a:3:{s:4:"user";b:0;s:7:"network";b:1;s:6:"groups";a:0:{}}',
KEY `user_id` (`user_id`)
) TYPE=MyISAM;

--
-- Dumping data for table `users_roles`
--

INSERT INTO `users_roles` (`user_id`, `role_id`, `extra`) VALUES
(1, 1, 'a:3:{s:4:"user";b:0;s:7:"network";b:1;s:6:"groups";a:0:{}}');

-- --------------------------------------------------------

--
-- Table structure for table `user_contact`
--
-- Creation: Jul 13, 2009 at 05:30 PM
-- Last update: Jul 13, 2009 at 05:30 PM
--


CREATE TABLE IF NOT EXISTS `user_contact` (
`id` int(11) NOT NULL auto_increment,
`user_id` int(11) NOT NULL,
`contact_name` varchar(128) NOT NULL,
`contact_email` varchar(128) NOT NULL,
`contact_extra` text NOT NULL,
`contact_type` varchar(64) NOT NULL,
PRIMARY KEY  (`id`),
KEY `user_id` (`user_id`)
) TYPE=MyISAM AUTO_INCREMENT=1 ;

--
-- Dumping data for table `user_contact`
--

-- --------------------------------------------------------

--
-- Table structure for table `user_email_history`
--
-- Creation: Jul 13, 2009 at 05:30 PM
-- Last update: Jul 13, 2009 at 05:30 PM
--


CREATE TABLE IF NOT EXISTS `user_email_history` (
`user_id` int(11) NOT NULL,
`timestamp` datetime NOT NULL,
`email` varchar(255) NOT NULL,
`remote_ip` char(15) default NULL,
`all_remote_ips` varchar(255) default NULL,
PRIMARY KEY  (`user_id`,`timestamp`)
) TYPE=MyISAM;

--
-- Dumping data for table `user_email_history`
--
-- --------------------------------------------------------


--
-- Table structure for table `user_feed`
--
-- Creation: Jul 13, 2009 at 05:30 PM
-- Last update: Jul 13, 2009 at 05:30 PM
--



CREATE TABLE IF NOT EXISTS `user_feed` (
`user_id` int(11) NOT NULL default '0',
`feed_id` int(11) NOT NULL default '0',
KEY `feed_to_user` (`feed_id`,`user_id`),
KEY `user_to_feed` (`user_id`,`feed_id`)
) TYPE=MyISAM;


--
-- Dumping data for table `user_feed`
--


-- --------------------------------------------------------

--
-- Table structure for table `user_message_folder`
--
-- Creation: Jul 13, 2009 at 05:30 PM
-- Last update: Jul 13, 2009 at 05:33 PM
--


CREATE TABLE IF NOT EXISTS `user_message_folder` (
`index_id` int(11) NOT NULL auto_increment,
`mid` int(11) NOT NULL default '0',
`fid` int(11) NOT NULL default '0',
`new_msg` tinyint(1) NOT NULL default '0',
`reply` tinyint(1) NOT NULL default '0',
`forward` tinyint(1) NOT NULL default '0',
PRIMARY KEY  (`index_id`),
KEY `fid` (`fid`),
KEY `mid` (`mid`)
) TYPE=MyISAM  AUTO_INCREMENT=3 ;


--
-- Dumping data for table `user_message_folder`
--

-- --------------------------------------------------------


--
-- Table structure for table `user_popularity`
--
-- Creation: Jul 13, 2009 at 05:30 PM
-- Last update: Jul 13, 2009 at 05:30 PM
--


CREATE TABLE IF NOT EXISTS `user_popularity` (
`user_id` int(11) NOT NULL,
`popularity` int(11) NOT NULL,
`time` int(11) NOT NULL,
PRIMARY KEY  (`user_id`)
) TYPE=MyISAM;

--
-- Dumping data for table `user_popularity`
--


-- --------------------------------------------------------


--
-- Table structure for table `user_profile_data`
--
-- Creation: Jul 13, 2009 at 05:30 PM
-- Last update: Jul 13, 2009 at 05:33 PM
--


CREATE TABLE IF NOT EXISTS `user_profile_data` (
`user_id` int(11) NOT NULL default '0',
`field_name` varchar(255) NOT NULL default '',
`field_value` text,
`field_type` varchar(255) NOT NULL default '',
`field_perm` int(2) NOT NULL default '0',
`seq` int(3) unsigned zerofill default NULL,
KEY `profile_fields_seq` (`user_id`,`field_type`(32),`field_name`(32),`seq`)
) TYPE=MyISAM;


--
-- Dumping data for table `user_profile_data`
--


INSERT INTO `user_profile_data` (`user_id`, `field_name`, `field_value`, `field_type`, `field_perm`, `seq`) VALUES
(1, 'settings', 'a:10:{s:17:"invitation_accept";a:3:{s:7:"caption";s:44:"join network invitations have been accepted.";s:5:"value";s:1:"0";s:13:"user_settable";s:1:"1";}s:19:"invite_accept_group";a:3:{s:7:"caption";s:42:"join group invitations have been accepted.";s:5:"value";s:1:"0";s:13:"user_settable";s:1:"1";}s:38:"relationship_created_with_other_member";a:3:{s:7:"caption";s:56:"someone has made them a friend or other kind of relation";s:5:"value";s:1:"0";s:13:"user_settable";s:1:"1";}s:24:"someone_join_their_group";a:3:{s:7:"caption";s:39:"someone has joined a group they created";s:5:"value";s:1:"0";s:13:"user_settable";s:1:"1";}s:19:"friend_request_sent";a:3:{s:7:"caption";s:38:"someone has sent them a friend request";s:5:"value";s:1:"0";s:13:"user_settable";s:1:"1";}s:23:"friend_request_approved";a:3:{s:7:"caption";s:39:"someone has approve your friend request";s:5:"value";s:1:"0";s:13:"user_settable";s:1:"1";}s:21:"friend_request_denial";a:3:{s:7:"caption";s:37:"someone has denied to be their friend";s:5:"value";s:1:"0";s:13:"user_settable";s:1:"1";}s:13:"bulletin_sent";a:3:{s:7:"caption";s:36:"network operator has sent a bulletin";s:5:"value";s:1:"0";s:13:"user_settable";s:1:"1";}s:15:"welcome_message";a:3:{s:7:"caption";s:15:"Welcome message";s:5:"value";s:1:"1";s:13:"user_settable";N;}s:17:"msg_waiting_blink";s:1:"0";}', 'notifications', 0, NULL),
(1, 'last_name', 'PeepAgg', '4', 1, NULL),
(1, 'first_name', 'Admin', '4', 1, NULL),
(1, 'postal_code', NULL, '1', 0, NULL),
(1, 'phone', NULL, '1', 0, NULL),
(1, 'homeAddress2', NULL, '1', 0, NULL),
(1, 'homeAddress1', NULL, '1', 0, NULL),
(1, 'dob_year', '1933', '1', 0, NULL),
(1, 'dob_month', '1', '1', 0, NULL),
(1, 'dob_day', '1', '1', 0, NULL),
(1, 'dob', '1933-1-1', '1', 0, NULL),
(1, 'country', NULL, '1', 0, NULL),
(1, 'city', NULL, '1', 0, NULL),
(1, 'state', NULL, '1', 0, NULL),
(1, 'user_caption_image', 'bay.jpg', '1', 0, NULL),
(1, 'time_spent', '27', '5', 0, NULL);


-- --------------------------------------------------------


--
-- Table structure for table `User_seq`
--
-- Creation: Jul 13, 2009 at 05:33 PM
-- Last update: Jul 13, 2009 at 05:33 PM
--

CREATE TABLE IF NOT EXISTS `User_seq` (
`id` int(10) unsigned NOT NULL auto_increment,
PRIMARY KEY  (`id`)
) TYPE=MyISAM  AUTO_INCREMENT=2 ;

--
-- Dumping data for table `User_seq`
--

INSERT INTO `User_seq` (`id`) VALUES
(1);

-- --------------------------------------------------------


--
-- Table structure for table `videos`
--
-- Creation: Jul 13, 2009 at 05:30 PM
-- Last update: Jul 13, 2009 at 05:30 PM
--


CREATE TABLE IF NOT EXISTS `videos` (
`content_id` int(11) NOT NULL default '0',
`video_file` varchar(255) NOT NULL default '',
`video_perm` int(2) NOT NULL default '0',
PRIMARY KEY  (`content_id`)
) TYPE=MyISAM;

--
-- Dumping data for table `videos`
--
